time,l_leg_ankle_pitch_joint,l_leg_ankle_roll_joint,r_leg_ankle_pitch_joint,r_leg_ankle_roll_joint
0.000000,-0.172000,0.000000,-0.172000,0.000000
0.002000,-0.171058,0.000377,-0.171058,0.000377
0.004000,-0.170115,0.000754,-0.170115,0.000754
0.006000,-0.169173,0.001131,-0.169173,0.001131
0.008000,-0.168230,0.001508,-0.168230,0.001508
0.010000,-0.167288,0.001885,-0.167288,0.001885
0.012000,-0.166346,0.002262,-0.166346,0.002262
0.014000,-0.165405,0.002639,-0.165405,0.002639
0.016000,-0.164463,0.003016,-0.164463,0.003016
0.018000,-0.163522,0.003392,-0.163522,0.003392
0.020000,-0.162581,0.003769,-0.162581,0.003769
0.022000,-0.161641,0.004146,-0.161641,0.004146
0.024000,-0.160701,0.004523,-0.160701,0.004523
0.026000,-0.159761,0.004900,-0.159761,0.004900
0.028000,-0.158822,0.005276,-0.158822,0.005276
0.030000,-0.157884,0.005653,-0.157884,0.005653
0.032000,-0.156946,0.006029,-0.156946,0.006029
0.034000,-0.156008,0.006406,-0.156008,0.006406
0.036000,-0.155072,0.006782,-0.155072,0.006782
0.038000,-0.154135,0.007159,-0.154135,0.007159
0.040000,-0.153200,0.007535,-0.153200,0.007535
0.042000,-0.152265,0.007911,-0.152265,0.007911
0.044000,-0.151331,0.008287,-0.151331,0.008287
0.046000,-0.150398,0.008663,-0.150398,0.008663
0.048000,-0.149466,0.009039,-0.149466,0.009039
0.050000,-0.148535,0.009415,-0.148535,0.009415
0.052000,-0.147604,0.009791,-0.147604,0.009791
0.054000,-0.146675,0.010167,-0.146675,0.010167
0.056000,-0.145747,0.010542,-0.145747,0.010542
0.058000,-0.144819,0.010918,-0.144819,0.010918
0.060000,-0.143893,0.011293,-0.143893,0.011293
0.062000,-0.142968,0.011668,-0.142968,0.011668
0.064000,-0.142044,0.012043,-0.142044,0.012043
0.066000,-0.141121,0.012418,-0.141121,0.012418
0.068000,-0.140199,0.012793,-0.140199,0.012793
0.070000,-0.139279,0.013168,-0.139279,0.013168
0.072000,-0.138359,0.013543,-0.138359,0.013543
0.074000,-0.137442,0.013917,-0.137442,0.013917
0.076000,-0.136525,0.014292,-0.136525,0.014292
0.078000,-0.135610,0.014666,-0.135610,0.014666
0.080000,-0.134697,0.015040,-0.134697,0.015040
0.082000,-0.133784,0.015414,-0.133784,0.015414
0.084000,-0.132874,0.015788,-0.132874,0.015788
0.086000,-0.131965,0.016161,-0.131965,0.016161
0.088000,-0.131057,0.016535,-0.131057,0.016535
0.090000,-0.130151,0.016908,-0.130151,0.016908
0.092000,-0.129247,0.017281,-0.129247,0.017281
0.094000,-0.128345,0.017654,-0.128345,0.017654
0.096000,-0.127444,0.018027,-0.127444,0.018027
0.098000,-0.126545,0.018400,-0.126545,0.018400
0.100000,-0.125647,0.018772,-0.125647,0.018772
0.102000,-0.124752,0.019144,-0.124752,0.019144
0.104000,-0.123858,0.019516,-0.123858,0.019516
0.106000,-0.122967,0.019888,-0.122967,0.019888
0.108000,-0.122077,0.020260,-0.122077,0.020260
0.110000,-0.121189,0.020631,-0.121189,0.020631
0.112000,-0.120304,0.021003,-0.120304,0.021003
0.114000,-0.119420,0.021374,-0.119420,0.021374
0.116000,-0.118538,0.021745,-0.118538,0.021745
0.118000,-0.117659,0.022115,-0.117659,0.022115
0.120000,-0.116781,0.022486,-0.116781,0.022486
0.122000,-0.115906,0.022856,-0.115906,0.022856
0.124000,-0.115033,0.023226,-0.115033,0.023226
0.126000,-0.114162,0.023596,-0.114162,0.023596
0.128000,-0.113294,0.023965,-0.113294,0.023965
0.130000,-0.112428,0.024334,-0.112428,0.024334
0.132000,-0.111564,0.024704,-0.111564,0.024704
0.134000,-0.110703,0.025072,-0.110703,0.025072
0.136000,-0.109844,0.025441,-0.109844,0.025441
0.138000,-0.108987,0.025809,-0.108987,0.025809
0.140000,-0.108133,0.026177,-0.108133,0.026177
0.142000,-0.107282,0.026545,-0.107282,0.026545
0.144000,-0.106433,0.026912,-0.106433,0.026912
0.146000,-0.105586,0.027280,-0.105586,0.027280
0.148000,-0.104743,0.027647,-0.104743,0.027647
0.150000,-0.103901,0.028013,-0.103901,0.028013
0.152000,-0.103063,0.028380,-0.103063,0.028380
0.154000,-0.102227,0.028746,-0.102227,0.028746
0.156000,-0.101394,0.029112,-0.101394,0.029112
0.158000,-0.100564,0.029477,-0.100564,0.029477
0.160000,-0.099737,0.029843,-0.099737,0.029843
0.162000,-0.098912,0.030208,-0.098912,0.030208
0.164000,-0.098091,0.030572,-0.098091,0.030572
0.166000,-0.097272,0.030937,-0.097272,0.030937
0.168000,-0.096457,0.031301,-0.096457,0.031301
0.170000,-0.095644,0.031665,-0.095644,0.031665
0.172000,-0.094834,0.032028,-0.094834,0.032028
0.174000,-0.094027,0.032391,-0.094027,0.032391
0.176000,-0.093224,0.032754,-0.093224,0.032754
0.178000,-0.092423,0.033117,-0.092423,0.033117
0.180000,-0.091626,0.033479,-0.091626,0.033479
0.182000,-0.090832,0.033841,-0.090832,0.033841
0.184000,-0.090041,0.034202,-0.090041,0.034202
0.186000,-0.089253,0.034563,-0.089253,0.034563
0.188000,-0.088469,0.034924,-0.088469,0.034924
0.190000,-0.087687,0.035285,-0.087687,0.035285
0.192000,-0.086910,0.035645,-0.086910,0.035645
0.194000,-0.086135,0.036005,-0.086135,0.036005
0.196000,-0.085364,0.036364,-0.085364,0.036364
0.198000,-0.084596,0.036723,-0.084596,0.036723
0.200000,-0.083832,0.037082,-0.083832,0.037082
0.202000,-0.083071,0.037440,-0.083071,0.037440
0.204000,-0.082314,0.037798,-0.082314,0.037798
0.206000,-0.081561,0.038156,-0.081561,0.038156
0.208000,-0.080810,0.038513,-0.080810,0.038513
0.210000,-0.080064,0.038870,-0.080064,0.038870
0.212000,-0.079321,0.039227,-0.079321,0.039227
0.214000,-0.078582,0.039583,-0.078582,0.039583
0.216000,-0.077846,0.039938,-0.077846,0.039938
0.218000,-0.077114,0.040294,-0.077114,0.040294
0.220000,-0.076386,0.040649,-0.076386,0.040649
0.222000,-0.075662,0.041003,-0.075662,0.041003
0.224000,-0.074942,0.041357,-0.074942,0.041357
0.226000,-0.074225,0.041711,-0.074225,0.041711
0.228000,-0.073512,0.042064,-0.073512,0.042064
0.230000,-0.072803,0.042417,-0.072803,0.042417
0.232000,-0.072098,0.042769,-0.072098,0.042769
0.234000,-0.071397,0.043121,-0.071397,0.043121
0.236000,-0.070700,0.043473,-0.070700,0.043473
0.238000,-0.070007,0.043824,-0.070007,0.043824
0.240000,-0.069318,0.044175,-0.069318,0.044175
0.242000,-0.068633,0.044525,-0.068633,0.044525
0.244000,-0.067952,0.044875,-0.067952,0.044875
0.246000,-0.067275,0.045225,-0.067275,0.045225
0.248000,-0.066603,0.045573,-0.066603,0.045573
0.250000,-0.065934,0.045922,-0.065934,0.045922
0.252000,-0.065270,0.046270,-0.065270,0.046270
0.254000,-0.064610,0.046618,-0.064610,0.046618
0.256000,-0.063954,0.046965,-0.063954,0.046965
0.258000,-0.063302,0.047312,-0.063302,0.047312
0.260000,-0.062655,0.047658,-0.062655,0.047658
0.262000,-0.062012,0.048003,-0.062012,0.048003
0.264000,-0.061373,0.048349,-0.061373,0.048349
0.266000,-0.060739,0.048694,-0.060739,0.048694
0.268000,-0.060109,0.049038,-0.060109,0.049038
0.270000,-0.059483,0.049382,-0.059483,0.049382
0.272000,-0.058862,0.049725,-0.058862,0.049725
0.274000,-0.058246,0.050068,-0.058246,0.050068
0.276000,-0.057634,0.050410,-0.057634,0.050410
0.278000,-0.057026,0.050752,-0.057026,0.050752
0.280000,-0.056423,0.051094,-0.056423,0.051094
0.282000,-0.055825,0.051434,-0.055825,0.051434
0.284000,-0.055231,0.051775,-0.055231,0.051775
0.286000,-0.054641,0.052115,-0.054641,0.052115
0.288000,-0.054057,0.052454,-0.054057,0.052454
0.290000,-0.053477,0.052793,-0.053477,0.052793
0.292000,-0.052901,0.053131,-0.052901,0.053131
0.294000,-0.052331,0.053469,-0.052331,0.053469
0.296000,-0.051765,0.053806,-0.051765,0.053806
0.298000,-0.051204,0.054143,-0.051204,0.054143
0.300000,-0.050647,0.054479,-0.050647,0.054479
0.302000,-0.050096,0.054814,-0.050096,0.054814
0.304000,-0.049549,0.055150,-0.049549,0.055150
0.306000,-0.049007,0.055484,-0.049007,0.055484
0.308000,-0.048470,0.055818,-0.048470,0.055818
0.310000,-0.047938,0.056152,-0.047938,0.056152
0.312000,-0.047411,0.056484,-0.047411,0.056484
0.314000,-0.046888,0.056817,-0.046888,0.056817
0.316000,-0.046371,0.057149,-0.046371,0.057149
0.318000,-0.045858,0.057480,-0.045858,0.057480
0.320000,-0.045351,0.057810,-0.045351,0.057810
0.322000,-0.044848,0.058141,-0.044848,0.058141
0.324000,-0.044351,0.058470,-0.044351,0.058470
0.326000,-0.043858,0.058799,-0.043858,0.058799
0.328000,-0.043371,0.059127,-0.043371,0.059127
0.330000,-0.042889,0.059455,-0.042889,0.059455
0.332000,-0.042411,0.059782,-0.042411,0.059782
0.334000,-0.041939,0.060109,-0.041939,0.060109
0.336000,-0.041472,0.060435,-0.041472,0.060435
0.338000,-0.041011,0.060760,-0.041011,0.060760
0.340000,-0.040554,0.061085,-0.040554,0.061085
0.342000,-0.040103,0.061409,-0.040103,0.061409
0.344000,-0.039656,0.061733,-0.039656,0.061733
0.346000,-0.039215,0.062056,-0.039215,0.062056
0.348000,-0.038780,0.062378,-0.038780,0.062378
0.350000,-0.038349,0.062700,-0.038349,0.062700
0.352000,-0.037924,0.063021,-0.037924,0.063021
0.354000,-0.037504,0.063341,-0.037504,0.063341
0.356000,-0.037089,0.063661,-0.037089,0.063661
0.358000,-0.036680,0.063981,-0.036680,0.063981
0.360000,-0.036276,0.064299,-0.036276,0.064299
0.362000,-0.035877,0.064617,-0.035877,0.064617
0.364000,-0.035484,0.064935,-0.035484,0.064935
0.366000,-0.035096,0.065251,-0.035096,0.065251
0.368000,-0.034714,0.065567,-0.034714,0.065567
0.370000,-0.034337,0.065883,-0.034337,0.065883
0.372000,-0.033965,0.066198,-0.033965,0.066198
0.374000,-0.033599,0.066512,-0.033599,0.066512
0.376000,-0.033238,0.066825,-0.033238,0.066825
0.378000,-0.032883,0.067138,-0.032883,0.067138
0.380000,-0.032534,0.067450,-0.032534,0.067450
0.382000,-0.032189,0.067761,-0.032189,0.067761
0.384000,-0.031851,0.068072,-0.031851,0.068072
0.386000,-0.031518,0.068382,-0.031518,0.068382
0.388000,-0.031190,0.068692,-0.031190,0.068692
0.390000,-0.030868,0.069001,-0.030868,0.069001
0.392000,-0.030551,0.069309,-0.030551,0.069309
0.394000,-0.030241,0.069616,-0.030241,0.069616
0.396000,-0.029935,0.069923,-0.029935,0.069923
0.398000,-0.029636,0.070229,-0.029636,0.070229
0.400000,-0.029342,0.070534,-0.029342,0.070534
0.402000,-0.029053,0.070839,-0.029053,0.070839
0.404000,-0.028770,0.071143,-0.028770,0.071143
0.406000,-0.028493,0.071446,-0.028493,0.071446
0.408000,-0.028222,0.071749,-0.028222,0.071749
0.410000,-0.027956,0.072050,-0.027956,0.072050
0.412000,-0.027696,0.072352,-0.027696,0.072352
0.414000,-0.027441,0.072652,-0.027441,0.072652
0.416000,-0.027193,0.072952,-0.027193,0.072952
0.418000,-0.026950,0.073251,-0.026950,0.073251
0.420000,-0.026713,0.073549,-0.026713,0.073549
0.422000,-0.026481,0.073846,-0.026481,0.073846
0.424000,-0.026255,0.074143,-0.026255,0.074143
0.426000,-0.026035,0.074439,-0.026035,0.074439
0.428000,-0.025821,0.074735,-0.025821,0.074735
0.430000,-0.025612,0.075029,-0.025612,0.075029
0.432000,-0.025410,0.075323,-0.025410,0.075323
0.434000,-0.025213,0.075616,-0.025213,0.075616
0.436000,-0.025022,0.075908,-0.025022,0.075908
0.438000,-0.024836,0.076200,-0.024836,0.076200
0.440000,-0.024657,0.076491,-0.024657,0.076491
0.442000,-0.024483,0.076781,-0.024483,0.076781
0.444000,-0.024315,0.077070,-0.024315,0.077070
0.446000,-0.024153,0.077359,-0.024153,0.077359
0.448000,-0.023997,0.077647,-0.023997,0.077647
0.450000,-0.023847,0.077934,-0.023847,0.077934
0.452000,-0.023702,0.078220,-0.023702,0.078220
0.454000,-0.023564,0.078506,-0.023564,0.078506
0.456000,-0.023431,0.078790,-0.023431,0.078790
0.458000,-0.023304,0.079074,-0.023304,0.079074
0.460000,-0.023183,0.079357,-0.023183,0.079357
0.462000,-0.023068,0.079640,-0.023068,0.079640
0.464000,-0.022958,0.079921,-0.022958,0.079921
0.466000,-0.022855,0.080202,-0.022855,0.080202
0.468000,-0.022757,0.080482,-0.022757,0.080482
0.470000,-0.022666,0.080762,-0.022666,0.080762
0.472000,-0.022580,0.081040,-0.022580,0.081040
0.474000,-0.022500,0.081318,-0.022500,0.081318
0.476000,-0.022426,0.081594,-0.022426,0.081594
0.478000,-0.022358,0.081870,-0.022358,0.081870
0.480000,-0.022296,0.082146,-0.022296,0.082146
0.482000,-0.022240,0.082420,-0.022240,0.082420
0.484000,-0.022189,0.082694,-0.022189,0.082694
0.486000,-0.022145,0.082966,-0.022145,0.082966
0.488000,-0.022107,0.083238,-0.022107,0.083238
0.490000,-0.022074,0.083510,-0.022074,0.083510
0.492000,-0.022047,0.083780,-0.022047,0.083780
0.494000,-0.022027,0.084049,-0.022027,0.084049
0.496000,-0.022012,0.084318,-0.022012,0.084318
0.498000,-0.022003,0.084586,-0.022003,0.084586
0.500000,-0.022000,0.084853,-0.022000,0.084853
0.502000,-0.022003,0.085119,-0.022003,0.085119
0.504000,-0.022012,0.085384,-0.022012,0.085384
0.506000,-0.022027,0.085649,-0.022027,0.085649
0.508000,-0.022047,0.085912,-0.022047,0.085912
0.510000,-0.022074,0.086175,-0.022074,0.086175
0.512000,-0.022107,0.086437,-0.022107,0.086437
0.514000,-0.022145,0.086698,-0.022145,0.086698
0.516000,-0.022189,0.086958,-0.022189,0.086958
0.518000,-0.022240,0.087218,-0.022240,0.087218
0.520000,-0.022296,0.087476,-0.022296,0.087476
0.522000,-0.022358,0.087734,-0.022358,0.087734
0.524000,-0.022426,0.087991,-0.022426,0.087991
0.526000,-0.022500,0.088247,-0.022500,0.088247
0.528000,-0.022580,0.088502,-0.022580,0.088502
0.530000,-0.022666,0.088756,-0.022666,0.088756
0.532000,-0.022757,0.089009,-0.022757,0.089009
0.534000,-0.022855,0.089261,-0.022855,0.089261
0.536000,-0.022958,0.089513,-0.022958,0.089513
0.538000,-0.023068,0.089764,-0.023068,0.089764
0.540000,-0.023183,0.090013,-0.023183,0.090013
0.542000,-0.023304,0.090262,-0.023304,0.090262
0.544000,-0.023431,0.090510,-0.023431,0.090510
0.546000,-0.023564,0.090757,-0.023564,0.090757
0.548000,-0.023702,0.091003,-0.023702,0.091003
0.550000,-0.023847,0.091249,-0.023847,0.091249
0.552000,-0.023997,0.091493,-0.023997,0.091493
0.554000,-0.024153,0.091737,-0.024153,0.091737
0.556000,-0.024315,0.091979,-0.024315,0.091979
0.558000,-0.024483,0.092221,-0.024483,0.092221
0.560000,-0.024657,0.092462,-0.024657,0.092462
0.562000,-0.024836,0.092701,-0.024836,0.092701
0.564000,-0.025022,0.092940,-0.025022,0.092940
0.566000,-0.025213,0.093178,-0.025213,0.093178
0.568000,-0.025410,0.093415,-0.025410,0.093415
0.570000,-0.025612,0.093652,-0.025612,0.093652
0.572000,-0.025821,0.093887,-0.025821,0.093887
0.574000,-0.026035,0.094121,-0.026035,0.094121
0.576000,-0.026255,0.094355,-0.026255,0.094355
0.578000,-0.026481,0.094587,-0.026481,0.094587
0.580000,-0.026713,0.094819,-0.026713,0.094819
0.582000,-0.026950,0.095049,-0.026950,0.095049
0.584000,-0.027193,0.095279,-0.027193,0.095279
0.586000,-0.027441,0.095508,-0.027441,0.095508
0.588000,-0.027696,0.095735,-0.027696,0.095735
0.590000,-0.027956,0.095962,-0.027956,0.095962
0.592000,-0.028222,0.096188,-0.028222,0.096188
0.594000,-0.028493,0.096413,-0.028493,0.096413
0.596000,-0.028770,0.096637,-0.028770,0.096637
0.598000,-0.029053,0.096860,-0.029053,0.096860
0.600000,-0.029342,0.097082,-0.029342,0.097082
0.602000,-0.029636,0.097303,-0.029636,0.097303
0.604000,-0.029935,0.097523,-0.029935,0.097523
0.606000,-0.030241,0.097742,-0.030241,0.097742
0.608000,-0.030551,0.097961,-0.030551,0.097961
0.610000,-0.030868,0.098178,-0.030868,0.098178
0.612000,-0.031190,0.098394,-0.031190,0.098394
0.614000,-0.031518,0.098610,-0.031518,0.098610
0.616000,-0.031851,0.098824,-0.031851,0.098824
0.618000,-0.032189,0.099037,-0.032189,0.099037
0.620000,-0.032534,0.099250,-0.032534,0.099250
0.622000,-0.032883,0.099461,-0.032883,0.099461
0.624000,-0.033238,0.099672,-0.033238,0.099672
0.626000,-0.033599,0.099881,-0.033599,0.099881
0.628000,-0.033965,0.100089,-0.033965,0.100089
0.630000,-0.034337,0.100297,-0.034337,0.100297
0.632000,-0.034714,0.100503,-0.034714,0.100503
0.634000,-0.035096,0.100709,-0.035096,0.100709
0.636000,-0.035484,0.100913,-0.035484,0.100913
0.638000,-0.035877,0.101117,-0.035877,0.101117
0.640000,-0.036276,0.101319,-0.036276,0.101319
0.642000,-0.036680,0.101521,-0.036680,0.101521
0.644000,-0.037089,0.101721,-0.037089,0.101721
0.646000,-0.037504,0.101921,-0.037504,0.101921
0.648000,-0.037924,0.102119,-0.037924,0.102119
0.650000,-0.038349,0.102317,-0.038349,0.102317
0.652000,-0.038780,0.102513,-0.038780,0.102513
0.654000,-0.039215,0.102709,-0.039215,0.102709
0.656000,-0.039656,0.102903,-0.039656,0.102903
0.658000,-0.040103,0.103097,-0.040103,0.103097
0.660000,-0.040554,0.103289,-0.040554,0.103289
0.662000,-0.041011,0.103480,-0.041011,0.103480
0.664000,-0.041472,0.103671,-0.041472,0.103671
0.666000,-0.041939,0.103860,-0.041939,0.103860
0.668000,-0.042411,0.104048,-0.042411,0.104048
0.670000,-0.042889,0.104236,-0.042889,0.104236
0.672000,-0.043371,0.104422,-0.043371,0.104422
0.674000,-0.043858,0.104607,-0.043858,0.104607
0.676000,-0.044351,0.104791,-0.044351,0.104791
0.678000,-0.044848,0.104975,-0.044848,0.104975
0.680000,-0.045351,0.105157,-0.045351,0.105157
0.682000,-0.045858,0.105338,-0.045858,0.105338
0.684000,-0.046371,0.105518,-0.046371,0.105518
0.686000,-0.046888,0.105697,-0.046888,0.105697
0.688000,-0.047411,0.105875,-0.047411,0.105875
0.690000,-0.047938,0.106052,-0.047938,0.106052
0.692000,-0.048470,0.106228,-0.048470,0.106228
0.694000,-0.049007,0.106403,-0.049007,0.106403
0.696000,-0.049549,0.106576,-0.049549,0.106576
0.698000,-0.050096,0.106749,-0.050096,0.106749
0.700000,-0.050647,0.106921,-0.050647,0.106921
0.702000,-0.051204,0.107091,-0.051204,0.107091
0.704000,-0.051765,0.107261,-0.051765,0.107261
0.706000,-0.052331,0.107429,-0.052331,0.107429
0.708000,-0.052901,0.107597,-0.052901,0.107597
0.710000,-0.053477,0.107763,-0.053477,0.107763
0.712000,-0.054057,0.107929,-0.054057,0.107929
0.714000,-0.054641,0.108093,-0.054641,0.108093
0.716000,-0.055231,0.108256,-0.055231,0.108256
0.718000,-0.055825,0.108418,-0.055825,0.108418
0.720000,-0.056423,0.108579,-0.056423,0.108579
0.722000,-0.057026,0.108739,-0.057026,0.108739
0.724000,-0.057634,0.108898,-0.057634,0.108898
0.726000,-0.058246,0.109056,-0.058246,0.109056
0.728000,-0.058862,0.109213,-0.058862,0.109213
0.730000,-0.059483,0.109368,-0.059483,0.109368
0.732000,-0.060109,0.109523,-0.060109,0.109523
0.734000,-0.060739,0.109677,-0.060739,0.109677
0.736000,-0.061373,0.109829,-0.061373,0.109829
0.738000,-0.062012,0.109980,-0.062012,0.109980
0.740000,-0.062655,0.110131,-0.062655,0.110131
0.742000,-0.063302,0.110280,-0.063302,0.110280
0.744000,-0.063954,0.110428,-0.063954,0.110428
0.746000,-0.064610,0.110575,-0.064610,0.110575
0.748000,-0.065270,0.110721,-0.065270,0.110721
0.750000,-0.065934,0.110866,-0.065934,0.110866
0.752000,-0.066603,0.111009,-0.066603,0.111009
0.754000,-0.067275,0.111152,-0.067275,0.111152
0.756000,-0.067952,0.111293,-0.067952,0.111293
0.758000,-0.068633,0.111434,-0.068633,0.111434
0.760000,-0.069318,0.111573,-0.069318,0.111573
0.762000,-0.070007,0.111711,-0.070007,0.111711
0.764000,-0.070700,0.111849,-0.070700,0.111849
0.766000,-0.071397,0.111985,-0.071397,0.111985
0.768000,-0.072098,0.112119,-0.072098,0.112119
0.770000,-0.072803,0.112253,-0.072803,0.112253
0.772000,-0.073512,0.112386,-0.073512,0.112386
0.774000,-0.074225,0.112518,-0.074225,0.112518
0.776000,-0.074942,0.112648,-0.074942,0.112648
0.778000,-0.075662,0.112777,-0.075662,0.112777
0.780000,-0.076386,0.112906,-0.076386,0.112906
0.782000,-0.077114,0.113033,-0.077114,0.113033
0.784000,-0.077846,0.113159,-0.077846,0.113159
0.786000,-0.078582,0.113284,-0.078582,0.113284
0.788000,-0.079321,0.113408,-0.079321,0.113408
0.790000,-0.080064,0.113530,-0.080064,0.113530
0.792000,-0.080810,0.113652,-0.080810,0.113652
0.794000,-0.081561,0.113772,-0.081561,0.113772
0.796000,-0.082314,0.113892,-0.082314,0.113892
0.798000,-0.083071,0.114010,-0.083071,0.114010
0.800000,-0.083832,0.114127,-0.083832,0.114127
0.802000,-0.084596,0.114243,-0.084596,0.114243
0.804000,-0.085364,0.114358,-0.085364,0.114358
0.806000,-0.086135,0.114471,-0.086135,0.114471
0.808000,-0.086910,0.114584,-0.086910,0.114584
0.810000,-0.087687,0.114695,-0.087687,0.114695
0.812000,-0.088469,0.114805,-0.088469,0.114805
0.814000,-0.089253,0.114915,-0.089253,0.114915
0.816000,-0.090041,0.115023,-0.090041,0.115023
0.818000,-0.090832,0.115129,-0.090832,0.115129
0.820000,-0.091626,0.115235,-0.091626,0.115235
0.822000,-0.092423,0.115340,-0.092423,0.115340
0.824000,-0.093224,0.115443,-0.093224,0.115443
0.826000,-0.094027,0.115546,-0.094027,0.115546
0.828000,-0.094834,0.115647,-0.094834,0.115647
0.830000,-0.095644,0.115747,-0.095644,0.115747
0.832000,-0.096457,0.115846,-0.096457,0.115846
0.834000,-0.097272,0.115944,-0.097272,0.115944
0.836000,-0.098091,0.116040,-0.098091,0.116040
0.838000,-0.098912,0.116136,-0.098912,0.116136
0.840000,-0.099737,0.116230,-0.099737,0.116230
0.842000,-0.100564,0.116323,-0.100564,0.116323
0.844000,-0.101394,0.116415,-0.101394,0.116415
0.846000,-0.102227,0.116506,-0.102227,0.116506
0.848000,-0.103063,0.116596,-0.103063,0.116596
0.850000,-0.103901,0.116684,-0.103901,0.116684
0.852000,-0.104743,0.116772,-0.104743,0.116772
0.854000,-0.105586,0.116858,-0.105586,0.116858
0.856000,-0.106433,0.116943,-0.106433,0.116943
0.858000,-0.107282,0.117027,-0.107282,0.117027
0.860000,-0.108133,0.117110,-0.108133,0.117110
0.862000,-0.108987,0.117192,-0.108987,0.117192
0.864000,-0.109844,0.117272,-0.109844,0.117272
0.866000,-0.110703,0.117352,-0.110703,0.117352
0.868000,-0.111564,0.117430,-0.111564,0.117430
0.870000,-0.112428,0.117507,-0.112428,0.117507
0.872000,-0.113294,0.117583,-0.113294,0.117583
0.874000,-0.114162,0.117657,-0.114162,0.117657
0.876000,-0.115033,0.117731,-0.115033,0.117731
0.878000,-0.115906,0.117803,-0.115906,0.117803
0.880000,-0.116781,0.117874,-0.116781,0.117874
0.882000,-0.117659,0.117945,-0.117659,0.117945
0.884000,-0.118538,0.118013,-0.118538,0.118013
0.886000,-0.119420,0.118081,-0.119420,0.118081
0.888000,-0.120304,0.118148,-0.120304,0.118148
0.890000,-0.121189,0.118213,-0.121189,0.118213
0.892000,-0.122077,0.118277,-0.122077,0.118277
0.894000,-0.122967,0.118340,-0.122967,0.118340
0.896000,-0.123858,0.118402,-0.123858,0.118402
0.898000,-0.124752,0.118463,-0.124752,0.118463
0.900000,-0.125647,0.118523,-0.125647,0.118523
0.902000,-0.126545,0.118581,-0.126545,0.118581
0.904000,-0.127444,0.118638,-0.127444,0.118638
0.906000,-0.128345,0.118694,-0.128345,0.118694
0.908000,-0.129247,0.118749,-0.129247,0.118749
0.910000,-0.130151,0.118803,-0.130151,0.118803
0.912000,-0.131057,0.118855,-0.131057,0.118855
0.914000,-0.131965,0.118907,-0.131965,0.118907
0.916000,-0.132874,0.118957,-0.132874,0.118957
0.918000,-0.133784,0.119006,-0.133784,0.119006
0.920000,-0.134697,0.119054,-0.134697,0.119054
0.922000,-0.135610,0.119100,-0.135610,0.119100
0.924000,-0.136525,0.119146,-0.136525,0.119146
0.926000,-0.137442,0.119190,-0.137442,0.119190
0.928000,-0.138359,0.119233,-0.138359,0.119233
0.930000,-0.139279,0.119275,-0.139279,0.119275
0.932000,-0.140199,0.119316,-0.140199,0.119316
0.934000,-0.141121,0.119356,-0.141121,0.119356
0.936000,-0.142044,0.119394,-0.142044,0.119394
0.938000,-0.142968,0.119431,-0.142968,0.119431
0.940000,-0.143893,0.119467,-0.143893,0.119467
0.942000,-0.144819,0.119502,-0.144819,0.119502
0.944000,-0.145747,0.119536,-0.145747,0.119536
0.946000,-0.146675,0.119569,-0.146675,0.119569
0.948000,-0.147604,0.119600,-0.147604,0.119600
0.950000,-0.148535,0.119630,-0.148535,0.119630
0.952000,-0.149466,0.119659,-0.149466,0.119659
0.954000,-0.150398,0.119687,-0.150398,0.119687
0.956000,-0.151331,0.119714,-0.151331,0.119714
0.958000,-0.152265,0.119739,-0.152265,0.119739
0.960000,-0.153200,0.119763,-0.153200,0.119763
0.962000,-0.154135,0.119786,-0.154135,0.119786
0.964000,-0.155072,0.119808,-0.155072,0.119808
0.966000,-0.156008,0.119829,-0.156008,0.119829
0.968000,-0.156946,0.119848,-0.156946,0.119848
0.970000,-0.157884,0.119867,-0.157884,0.119867
0.972000,-0.158822,0.119884,-0.158822,0.119884
0.974000,-0.159761,0.119900,-0.159761,0.119900
0.976000,-0.160701,0.119915,-0.160701,0.119915
0.978000,-0.161641,0.119928,-0.161641,0.119928
0.980000,-0.162581,0.119941,-0.162581,0.119941
0.982000,-0.163522,0.119952,-0.163522,0.119952
0.984000,-0.164463,0.119962,-0.164463,0.119962
0.986000,-0.165405,0.119971,-0.165405,0.119971
0.988000,-0.166346,0.119979,-0.166346,0.119979
0.990000,-0.167288,0.119985,-0.167288,0.119985
0.992000,-0.168230,0.119991,-0.168230,0.119991
0.994000,-0.169173,0.119995,-0.169173,0.119995
0.996000,-0.170115,0.119998,-0.170115,0.119998
0.998000,-0.171058,0.119999,-0.171058,0.119999
1.000000,-0.172000,0.120000,-0.172000,0.120000
1.002000,-0.172942,0.119999,-0.172942,0.119999
1.004000,-0.173885,0.119998,-0.173885,0.119998
1.006000,-0.174827,0.119995,-0.174827,0.119995
1.008000,-0.175770,0.119991,-0.175770,0.119991
1.010000,-0.176712,0.119985,-0.176712,0.119985
1.012000,-0.177654,0.119979,-0.177654,0.119979
1.014000,-0.178595,0.119971,-0.178595,0.119971
1.016000,-0.179537,0.119962,-0.179537,0.119962
1.018000,-0.180478,0.119952,-0.180478,0.119952
1.020000,-0.181419,0.119941,-0.181419,0.119941
1.022000,-0.182359,0.119928,-0.182359,0.119928
1.024000,-0.183299,0.119915,-0.183299,0.119915
1.026000,-0.184239,0.119900,-0.184239,0.119900
1.028000,-0.185178,0.119884,-0.185178,0.119884
1.030000,-0.186116,0.119867,-0.186116,0.119867
1.032000,-0.187054,0.119848,-0.187054,0.119848
1.034000,-0.187992,0.119829,-0.187992,0.119829
1.036000,-0.188928,0.119808,-0.188928,0.119808
1.038000,-0.189865,0.119786,-0.189865,0.119786
1.040000,-0.190800,0.119763,-0.190800,0.119763
1.042000,-0.191735,0.119739,-0.191735,0.119739
1.044000,-0.192669,0.119714,-0.192669,0.119714
1.046000,-0.193602,0.119687,-0.193602,0.119687
1.048000,-0.194534,0.119659,-0.194534,0.119659
1.050000,-0.195465,0.119630,-0.195465,0.119630
1.052000,-0.196396,0.119600,-0.196396,0.119600
1.054000,-0.197325,0.119569,-0.197325,0.119569
1.056000,-0.198253,0.119536,-0.198253,0.119536
1.058000,-0.199181,0.119502,-0.199181,0.119502
1.060000,-0.200107,0.119467,-0.200107,0.119467
1.062000,-0.201032,0.119431,-0.201032,0.119431
1.064000,-0.201956,0.119394,-0.201956,0.119394
1.066000,-0.202879,0.119356,-0.202879,0.119356
1.068000,-0.203801,0.119316,-0.203801,0.119316
1.070000,-0.204721,0.119275,-0.204721,0.119275
1.072000,-0.205641,0.119233,-0.205641,0.119233
1.074000,-0.206558,0.119190,-0.206558,0.119190
1.076000,-0.207475,0.119146,-0.207475,0.119146
1.078000,-0.208390,0.119100,-0.208390,0.119100
1.080000,-0.209303,0.119054,-0.209303,0.119054
1.082000,-0.210216,0.119006,-0.210216,0.119006
1.084000,-0.211126,0.118957,-0.211126,0.118957
1.086000,-0.212035,0.118907,-0.212035,0.118907
1.088000,-0.212943,0.118855,-0.212943,0.118855
1.090000,-0.213849,0.118803,-0.213849,0.118803
1.092000,-0.214753,0.118749,-0.214753,0.118749
1.094000,-0.215655,0.118694,-0.215655,0.118694
1.096000,-0.216556,0.118638,-0.216556,0.118638
1.098000,-0.217455,0.118581,-0.217455,0.118581
1.100000,-0.218353,0.118523,-0.218353,0.118523
1.102000,-0.219248,0.118463,-0.219248,0.118463
1.104000,-0.220142,0.118402,-0.220142,0.118402
1.106000,-0.221033,0.118340,-0.221033,0.118340
1.108000,-0.221923,0.118277,-0.221923,0.118277
1.110000,-0.222811,0.118213,-0.222811,0.118213
1.112000,-0.223696,0.118148,-0.223696,0.118148
1.114000,-0.224580,0.118081,-0.224580,0.118081
1.116000,-0.225462,0.118013,-0.225462,0.118013
1.118000,-0.226341,0.117945,-0.226341,0.117945
1.120000,-0.227219,0.117874,-0.227219,0.117874
1.122000,-0.228094,0.117803,-0.228094,0.117803
1.124000,-0.228967,0.117731,-0.228967,0.117731
1.126000,-0.229838,0.117657,-0.229838,0.117657
1.128000,-0.230706,0.117583,-0.230706,0.117583
1.130000,-0.231572,0.117507,-0.231572,0.117507
1.132000,-0.232436,0.117430,-0.232436,0.117430
1.134000,-0.233297,0.117352,-0.233297,0.117352
1.136000,-0.234156,0.117272,-0.234156,0.117272
1.138000,-0.235013,0.117192,-0.235013,0.117192
1.140000,-0.235867,0.117110,-0.235867,0.117110
1.142000,-0.236718,0.117027,-0.236718,0.117027
1.144000,-0.237567,0.116943,-0.237567,0.116943
1.146000,-0.238414,0.116858,-0.238414,0.116858
1.148000,-0.239257,0.116772,-0.239257,0.116772
1.150000,-0.240099,0.116684,-0.240099,0.116684
1.152000,-0.240937,0.116596,-0.240937,0.116596
1.154000,-0.241773,0.116506,-0.241773,0.116506
1.156000,-0.242606,0.116415,-0.242606,0.116415
1.158000,-0.243436,0.116323,-0.243436,0.116323
1.160000,-0.244263,0.116230,-0.244263,0.116230
1.162000,-0.245088,0.116136,-0.245088,0.116136
1.164000,-0.245909,0.116040,-0.245909,0.116040
1.166000,-0.246728,0.115944,-0.246728,0.115944
1.168000,-0.247543,0.115846,-0.247543,0.115846
1.170000,-0.248356,0.115747,-0.248356,0.115747
1.172000,-0.249166,0.115647,-0.249166,0.115647
1.174000,-0.249973,0.115546,-0.249973,0.115546
1.176000,-0.250776,0.115443,-0.250776,0.115443
1.178000,-0.251577,0.115340,-0.251577,0.115340
1.180000,-0.252374,0.115235,-0.252374,0.115235
1.182000,-0.253168,0.115129,-0.253168,0.115129
1.184000,-0.253959,0.115023,-0.253959,0.115023
1.186000,-0.254747,0.114915,-0.254747,0.114915
1.188000,-0.255531,0.114805,-0.255531,0.114805
1.190000,-0.256313,0.114695,-0.256313,0.114695
1.192000,-0.257090,0.114584,-0.257090,0.114584
1.194000,-0.257865,0.114471,-0.257865,0.114471
1.196000,-0.258636,0.114358,-0.258636,0.114358
1.198000,-0.259404,0.114243,-0.259404,0.114243
1.200000,-0.260168,0.114127,-0.260168,0.114127
1.202000,-0.260929,0.114010,-0.260929,0.114010
1.204000,-0.261686,0.113892,-0.261686,0.113892
1.206000,-0.262439,0.113772,-0.262439,0.113772
1.208000,-0.263190,0.113652,-0.263190,0.113652
1.210000,-0.263936,0.113530,-0.263936,0.113530
1.212000,-0.264679,0.113408,-0.264679,0.113408
1.214000,-0.265418,0.113284,-0.265418,0.113284
1.216000,-0.266154,0.113159,-0.266154,0.113159
1.218000,-0.266886,0.113033,-0.266886,0.113033
1.220000,-0.267614,0.112906,-0.267614,0.112906
1.222000,-0.268338,0.112777,-0.268338,0.112777
1.224000,-0.269058,0.112648,-0.269058,0.112648
1.226000,-0.269775,0.112518,-0.269775,0.112518
1.228000,-0.270488,0.112386,-0.270488,0.112386
1.230000,-0.271197,0.112253,-0.271197,0.112253
1.232000,-0.271902,0.112119,-0.271902,0.112119
1.234000,-0.272603,0.111985,-0.272603,0.111985
1.236000,-0.273300,0.111849,-0.273300,0.111849
1.238000,-0.273993,0.111711,-0.273993,0.111711
1.240000,-0.274682,0.111573,-0.274682,0.111573
1.242000,-0.275367,0.111434,-0.275367,0.111434
1.244000,-0.276048,0.111293,-0.276048,0.111293
1.246000,-0.276725,0.111152,-0.276725,0.111152
1.248000,-0.277397,0.111009,-0.277397,0.111009
1.250000,-0.278066,0.110866,-0.278066,0.110866
1.252000,-0.278730,0.110721,-0.278730,0.110721
1.254000,-0.279390,0.110575,-0.279390,0.110575
1.256000,-0.280046,0.110428,-0.280046,0.110428
1.258000,-0.280698,0.110280,-0.280698,0.110280
1.260000,-0.281345,0.110131,-0.281345,0.110131
1.262000,-0.281988,0.109980,-0.281988,0.109980
1.264000,-0.282627,0.109829,-0.282627,0.109829
1.266000,-0.283261,0.109677,-0.283261,0.109677
1.268000,-0.283891,0.109523,-0.283891,0.109523
1.270000,-0.284517,0.109368,-0.284517,0.109368
1.272000,-0.285138,0.109213,-0.285138,0.109213
1.274000,-0.285754,0.109056,-0.285754,0.109056
1.276000,-0.286366,0.108898,-0.286366,0.108898
1.278000,-0.286974,0.108739,-0.286974,0.108739
1.280000,-0.287577,0.108579,-0.287577,0.108579
1.282000,-0.288175,0.108418,-0.288175,0.108418
1.284000,-0.288769,0.108256,-0.288769,0.108256
1.286000,-0.289359,0.108093,-0.289359,0.108093
1.288000,-0.289943,0.107929,-0.289943,0.107929
1.290000,-0.290523,0.107763,-0.290523,0.107763
1.292000,-0.291099,0.107597,-0.291099,0.107597
1.294000,-0.291669,0.107429,-0.291669,0.107429
1.296000,-0.292235,0.107261,-0.292235,0.107261
1.298000,-0.292796,0.107091,-0.292796,0.107091
1.300000,-0.293353,0.106921,-0.293353,0.106921
1.302000,-0.293904,0.106749,-0.293904,0.106749
1.304000,-0.294451,0.106576,-0.294451,0.106576
1.306000,-0.294993,0.106403,-0.294993,0.106403
1.308000,-0.295530,0.106228,-0.295530,0.106228
1.310000,-0.296062,0.106052,-0.296062,0.106052
1.312000,-0.296589,0.105875,-0.296589,0.105875
1.314000,-0.297112,0.105697,-0.297112,0.105697
1.316000,-0.297629,0.105518,-0.297629,0.105518
1.318000,-0.298142,0.105338,-0.298142,0.105338
1.320000,-0.298649,0.105157,-0.298649,0.105157
1.322000,-0.299152,0.104975,-0.299152,0.104975
1.324000,-0.299649,0.104791,-0.299649,0.104791
1.326000,-0.300142,0.104607,-0.300142,0.104607
1.328000,-0.300629,0.104422,-0.300629,0.104422
1.330000,-0.301111,0.104236,-0.301111,0.104236
1.332000,-0.301589,0.104048,-0.301589,0.104048
1.334000,-0.302061,0.103860,-0.302061,0.103860
1.336000,-0.302528,0.103671,-0.302528,0.103671
1.338000,-0.302989,0.103480,-0.302989,0.103480
1.340000,-0.303446,0.103289,-0.303446,0.103289
1.342000,-0.303897,0.103097,-0.303897,0.103097
1.344000,-0.304344,0.102903,-0.304344,0.102903
1.346000,-0.304785,0.102709,-0.304785,0.102709
1.348000,-0.305220,0.102513,-0.305220,0.102513
1.350000,-0.305651,0.102317,-0.305651,0.102317
1.352000,-0.306076,0.102119,-0.306076,0.102119
1.354000,-0.306496,0.101921,-0.306496,0.101921
1.356000,-0.306911,0.101721,-0.306911,0.101721
1.358000,-0.307320,0.101521,-0.307320,0.101521
1.360000,-0.307724,0.101319,-0.307724,0.101319
1.362000,-0.308123,0.101117,-0.308123,0.101117
1.364000,-0.308516,0.100913,-0.308516,0.100913
1.366000,-0.308904,0.100709,-0.308904,0.100709
1.368000,-0.309286,0.100503,-0.309286,0.100503
1.370000,-0.309663,0.100297,-0.309663,0.100297
1.372000,-0.310035,0.100089,-0.310035,0.100089
1.374000,-0.310401,0.099881,-0.310401,0.099881
1.376000,-0.310762,0.099672,-0.310762,0.099672
1.378000,-0.311117,0.099461,-0.311117,0.099461
1.380000,-0.311466,0.099250,-0.311466,0.099250
1.382000,-0.311811,0.099037,-0.311811,0.099037
1.384000,-0.312149,0.098824,-0.312149,0.098824
1.386000,-0.312482,0.098610,-0.312482,0.098610
1.388000,-0.312810,0.098394,-0.312810,0.098394
1.390000,-0.313132,0.098178,-0.313132,0.098178
1.392000,-0.313449,0.097961,-0.313449,0.097961
1.394000,-0.313759,0.097742,-0.313759,0.097742
1.396000,-0.314065,0.097523,-0.314065,0.097523
1.398000,-0.314364,0.097303,-0.314364,0.097303
1.400000,-0.314658,0.097082,-0.314658,0.097082
1.402000,-0.314947,0.096860,-0.314947,0.096860
1.404000,-0.315230,0.096637,-0.315230,0.096637
1.406000,-0.315507,0.096413,-0.315507,0.096413
1.408000,-0.315778,0.096188,-0.315778,0.096188
1.410000,-0.316044,0.095962,-0.316044,0.095962
1.412000,-0.316304,0.095735,-0.316304,0.095735
1.414000,-0.316559,0.095508,-0.316559,0.095508
1.416000,-0.316807,0.095279,-0.316807,0.095279
1.418000,-0.317050,0.095049,-0.317050,0.095049
1.420000,-0.317287,0.094819,-0.317287,0.094819
1.422000,-0.317519,0.094587,-0.317519,0.094587
1.424000,-0.317745,0.094355,-0.317745,0.094355
1.426000,-0.317965,0.094121,-0.317965,0.094121
1.428000,-0.318179,0.093887,-0.318179,0.093887
1.430000,-0.318388,0.093652,-0.318388,0.093652
1.432000,-0.318590,0.093415,-0.318590,0.093415
1.434000,-0.318787,0.093178,-0.318787,0.093178
1.436000,-0.318978,0.092940,-0.318978,0.092940
1.438000,-0.319164,0.092701,-0.319164,0.092701
1.440000,-0.319343,0.092462,-0.319343,0.092462
1.442000,-0.319517,0.092221,-0.319517,0.092221
1.444000,-0.319685,0.091979,-0.319685,0.091979
1.446000,-0.319847,0.091737,-0.319847,0.091737
1.448000,-0.320003,0.091493,-0.320003,0.091493
1.450000,-0.320153,0.091249,-0.320153,0.091249
1.452000,-0.320298,0.091003,-0.320298,0.091003
1.454000,-0.320436,0.090757,-0.320436,0.090757
1.456000,-0.320569,0.090510,-0.320569,0.090510
1.458000,-0.320696,0.090262,-0.320696,0.090262
1.460000,-0.320817,0.090013,-0.320817,0.090013
1.462000,-0.320932,0.089764,-0.320932,0.089764
1.464000,-0.321042,0.089513,-0.321042,0.089513
1.466000,-0.321145,0.089261,-0.321145,0.089261
1.468000,-0.321243,0.089009,-0.321243,0.089009
1.470000,-0.321334,0.088756,-0.321334,0.088756
1.472000,-0.321420,0.088502,-0.321420,0.088502
1.474000,-0.321500,0.088247,-0.321500,0.088247
1.476000,-0.321574,0.087991,-0.321574,0.087991
1.478000,-0.321642,0.087734,-0.321642,0.087734
1.480000,-0.321704,0.087476,-0.321704,0.087476
1.482000,-0.321760,0.087218,-0.321760,0.087218
1.484000,-0.321811,0.086958,-0.321811,0.086958
1.486000,-0.321855,0.086698,-0.321855,0.086698
1.488000,-0.321893,0.086437,-0.321893,0.086437
1.490000,-0.321926,0.086175,-0.321926,0.086175
1.492000,-0.321953,0.085912,-0.321953,0.085912
1.494000,-0.321973,0.085649,-0.321973,0.085649
1.496000,-0.321988,0.085384,-0.321988,0.085384
1.498000,-0.321997,0.085119,-0.321997,0.085119
1.500000,-0.322000,0.084853,-0.322000,0.084853
1.502000,-0.321997,0.084586,-0.321997,0.084586
1.504000,-0.321988,0.084318,-0.321988,0.084318
1.506000,-0.321973,0.084049,-0.321973,0.084049
1.508000,-0.321953,0.083780,-0.321953,0.083780
1.510000,-0.321926,0.083510,-0.321926,0.083510
1.512000,-0.321893,0.083238,-0.321893,0.083238
1.514000,-0.321855,0.082966,-0.321855,0.082966
1.516000,-0.321811,0.082694,-0.321811,0.082694
1.518000,-0.321760,0.082420,-0.321760,0.082420
1.520000,-0.321704,0.082146,-0.321704,0.082146
1.522000,-0.321642,0.081870,-0.321642,0.081870
1.524000,-0.321574,0.081594,-0.321574,0.081594
1.526000,-0.321500,0.081318,-0.321500,0.081318
1.528000,-0.321420,0.081040,-0.321420,0.081040
1.530000,-0.321334,0.080762,-0.321334,0.080762
1.532000,-0.321243,0.080482,-0.321243,0.080482
1.534000,-0.321145,0.080202,-0.321145,0.080202
1.536000,-0.321042,0.079921,-0.321042,0.079921
1.538000,-0.320932,0.079640,-0.320932,0.079640
1.540000,-0.320817,0.079357,-0.320817,0.079357
1.542000,-0.320696,0.079074,-0.320696,0.079074
1.544000,-0.320569,0.078790,-0.320569,0.078790
1.546000,-0.320436,0.078506,-0.320436,0.078506
1.548000,-0.320298,0.078220,-0.320298,0.078220
1.550000,-0.320153,0.077934,-0.320153,0.077934
1.552000,-0.320003,0.077647,-0.320003,0.077647
1.554000,-0.319847,0.077359,-0.319847,0.077359
1.556000,-0.319685,0.077070,-0.319685,0.077070
1.558000,-0.319517,0.076781,-0.319517,0.076781
1.560000,-0.319343,0.076491,-0.319343,0.076491
1.562000,-0.319164,0.076200,-0.319164,0.076200
1.564000,-0.318978,0.075908,-0.318978,0.075908
1.566000,-0.318787,0.075616,-0.318787,0.075616
1.568000,-0.318590,0.075323,-0.318590,0.075323
1.570000,-0.318388,0.075029,-0.318388,0.075029
1.572000,-0.318179,0.074735,-0.318179,0.074735
1.574000,-0.317965,0.074439,-0.317965,0.074439
1.576000,-0.317745,0.074143,-0.317745,0.074143
1.578000,-0.317519,0.073846,-0.317519,0.073846
1.580000,-0.317287,0.073549,-0.317287,0.073549
1.582000,-0.317050,0.073251,-0.317050,0.073251
1.584000,-0.316807,0.072952,-0.316807,0.072952
1.586000,-0.316559,0.072652,-0.316559,0.072652
1.588000,-0.316304,0.072352,-0.316304,0.072352
1.590000,-0.316044,0.072050,-0.316044,0.072050
1.592000,-0.315778,0.071749,-0.315778,0.071749
1.594000,-0.315507,0.071446,-0.315507,0.071446
1.596000,-0.315230,0.071143,-0.315230,0.071143
1.598000,-0.314947,0.070839,-0.314947,0.070839
1.600000,-0.314658,0.070534,-0.314658,0.070534
1.602000,-0.314364,0.070229,-0.314364,0.070229
1.604000,-0.314065,0.069923,-0.314065,0.069923
1.606000,-0.313759,0.069616,-0.313759,0.069616
1.608000,-0.313449,0.069309,-0.313449,0.069309
1.610000,-0.313132,0.069001,-0.313132,0.069001
1.612000,-0.312810,0.068692,-0.312810,0.068692
1.614000,-0.312482,0.068382,-0.312482,0.068382
1.616000,-0.312149,0.068072,-0.312149,0.068072
1.618000,-0.311811,0.067761,-0.311811,0.067761
1.620000,-0.311466,0.067450,-0.311466,0.067450
1.622000,-0.311117,0.067138,-0.311117,0.067138
1.624000,-0.310762,0.066825,-0.310762,0.066825
1.626000,-0.310401,0.066512,-0.310401,0.066512
1.628000,-0.310035,0.066198,-0.310035,0.066198
1.630000,-0.309663,0.065883,-0.309663,0.065883
1.632000,-0.309286,0.065567,-0.309286,0.065567
1.634000,-0.308904,0.065251,-0.308904,0.065251
1.636000,-0.308516,0.064935,-0.308516,0.064935
1.638000,-0.308123,0.064617,-0.308123,0.064617
1.640000,-0.307724,0.064299,-0.307724,0.064299
1.642000,-0.307320,0.063981,-0.307320,0.063981
1.644000,-0.306911,0.063661,-0.306911,0.063661
1.646000,-0.306496,0.063341,-0.306496,0.063341
1.648000,-0.306076,0.063021,-0.306076,0.063021
1.650000,-0.305651,0.062700,-0.305651,0.062700
1.652000,-0.305220,0.062378,-0.305220,0.062378
1.654000,-0.304785,0.062056,-0.304785,0.062056
1.656000,-0.304344,0.061733,-0.304344,0.061733
1.658000,-0.303897,0.061409,-0.303897,0.061409
1.660000,-0.303446,0.061085,-0.303446,0.061085
1.662000,-0.302989,0.060760,-0.302989,0.060760
1.664000,-0.302528,0.060435,-0.302528,0.060435
1.666000,-0.302061,0.060109,-0.302061,0.060109
1.668000,-0.301589,0.059782,-0.301589,0.059782
1.670000,-0.301111,0.059455,-0.301111,0.059455
1.672000,-0.300629,0.059127,-0.300629,0.059127
1.674000,-0.300142,0.058799,-0.300142,0.058799
1.676000,-0.299649,0.058470,-0.299649,0.058470
1.678000,-0.299152,0.058141,-0.299152,0.058141
1.680000,-0.298649,0.057810,-0.298649,0.057810
1.682000,-0.298142,0.057480,-0.298142,0.057480
1.684000,-0.297629,0.057149,-0.297629,0.057149
1.686000,-0.297112,0.056817,-0.297112,0.056817
1.688000,-0.296589,0.056484,-0.296589,0.056484
1.690000,-0.296062,0.056152,-0.296062,0.056152
1.692000,-0.295530,0.055818,-0.295530,0.055818
1.694000,-0.294993,0.055484,-0.294993,0.055484
1.696000,-0.294451,0.055150,-0.294451,0.055150
1.698000,-0.293904,0.054814,-0.293904,0.054814
1.700000,-0.293353,0.054479,-0.293353,0.054479
1.702000,-0.292796,0.054143,-0.292796,0.054143
1.704000,-0.292235,0.053806,-0.292235,0.053806
1.706000,-0.291669,0.053469,-0.291669,0.053469
1.708000,-0.291099,0.053131,-0.291099,0.053131
1.710000,-0.290523,0.052793,-0.290523,0.052793
1.712000,-0.289943,0.052454,-0.289943,0.052454
1.714000,-0.289359,0.052115,-0.289359,0.052115
1.716000,-0.288769,0.051775,-0.288769,0.051775
1.718000,-0.288175,0.051434,-0.288175,0.051434
1.720000,-0.287577,0.051094,-0.287577,0.051094
1.722000,-0.286974,0.050752,-0.286974,0.050752
1.724000,-0.286366,0.050410,-0.286366,0.050410
1.726000,-0.285754,0.050068,-0.285754,0.050068
1.728000,-0.285138,0.049725,-0.285138,0.049725
1.730000,-0.284517,0.049382,-0.284517,0.049382
1.732000,-0.283891,0.049038,-0.283891,0.049038
1.734000,-0.283261,0.048694,-0.283261,0.048694
1.736000,-0.282627,0.048349,-0.282627,0.048349
1.738000,-0.281988,0.048003,-0.281988,0.048003
1.740000,-0.281345,0.047658,-0.281345,0.047658
1.742000,-0.280698,0.047312,-0.280698,0.047312
1.744000,-0.280046,0.046965,-0.280046,0.046965
1.746000,-0.279390,0.046618,-0.279390,0.046618
1.748000,-0.278730,0.046270,-0.278730,0.046270
1.750000,-0.278066,0.045922,-0.278066,0.045922
1.752000,-0.277397,0.045573,-0.277397,0.045573
1.754000,-0.276725,0.045225,-0.276725,0.045225
1.756000,-0.276048,0.044875,-0.276048,0.044875
1.758000,-0.275367,0.044525,-0.275367,0.044525
1.760000,-0.274682,0.044175,-0.274682,0.044175
1.762000,-0.273993,0.043824,-0.273993,0.043824
1.764000,-0.273300,0.043473,-0.273300,0.043473
1.766000,-0.272603,0.043121,-0.272603,0.043121
1.768000,-0.271902,0.042769,-0.271902,0.042769
1.770000,-0.271197,0.042417,-0.271197,0.042417
1.772000,-0.270488,0.042064,-0.270488,0.042064
1.774000,-0.269775,0.041711,-0.269775,0.041711
1.776000,-0.269058,0.041357,-0.269058,0.041357
1.778000,-0.268338,0.041003,-0.268338,0.041003
1.780000,-0.267614,0.040649,-0.267614,0.040649
1.782000,-0.266886,0.040294,-0.266886,0.040294
1.784000,-0.266154,0.039938,-0.266154,0.039938
1.786000,-0.265418,0.039583,-0.265418,0.039583
1.788000,-0.264679,0.039227,-0.264679,0.039227
1.790000,-0.263936,0.038870,-0.263936,0.038870
1.792000,-0.263190,0.038513,-0.263190,0.038513
1.794000,-0.262439,0.038156,-0.262439,0.038156
1.796000,-0.261686,0.037798,-0.261686,0.037798
1.798000,-0.260929,0.037440,-0.260929,0.037440
1.800000,-0.260168,0.037082,-0.260168,0.037082
1.802000,-0.259404,0.036723,-0.259404,0.036723
1.804000,-0.258636,0.036364,-0.258636,0.036364
1.806000,-0.257865,0.036005,-0.257865,0.036005
1.808000,-0.257090,0.035645,-0.257090,0.035645
1.810000,-0.256313,0.035285,-0.256313,0.035285
1.812000,-0.255531,0.034924,-0.255531,0.034924
1.814000,-0.254747,0.034563,-0.254747,0.034563
1.816000,-0.253959,0.034202,-0.253959,0.034202
1.818000,-0.253168,0.033841,-0.253168,0.033841
1.820000,-0.252374,0.033479,-0.252374,0.033479
1.822000,-0.251577,0.033117,-0.251577,0.033117
1.824000,-0.250776,0.032754,-0.250776,0.032754
1.826000,-0.249973,0.032391,-0.249973,0.032391
1.828000,-0.249166,0.032028,-0.249166,0.032028
1.830000,-0.248356,0.031665,-0.248356,0.031665
1.832000,-0.247543,0.031301,-0.247543,0.031301
1.834000,-0.246728,0.030937,-0.246728,0.030937
1.836000,-0.245909,0.030572,-0.245909,0.030572
1.838000,-0.245088,0.030208,-0.245088,0.030208
1.840000,-0.244263,0.029843,-0.244263,0.029843
1.842000,-0.243436,0.029477,-0.243436,0.029477
1.844000,-0.242606,0.029112,-0.242606,0.029112
1.846000,-0.241773,0.028746,-0.241773,0.028746
1.848000,-0.240937,0.028380,-0.240937,0.028380
1.850000,-0.240099,0.028013,-0.240099,0.028013
1.852000,-0.239257,0.027647,-0.239257,0.027647
1.854000,-0.238414,0.027280,-0.238414,0.027280
1.856000,-0.237567,0.026912,-0.237567,0.026912
1.858000,-0.236718,0.026545,-0.236718,0.026545
1.860000,-0.235867,0.026177,-0.235867,0.026177
1.862000,-0.235013,0.025809,-0.235013,0.025809
1.864000,-0.234156,0.025441,-0.234156,0.025441
1.866000,-0.233297,0.025072,-0.233297,0.025072
1.868000,-0.232436,0.024704,-0.232436,0.024704
1.870000,-0.231572,0.024334,-0.231572,0.024334
1.872000,-0.230706,0.023965,-0.230706,0.023965
1.874000,-0.229838,0.023596,-0.229838,0.023596
1.876000,-0.228967,0.023226,-0.228967,0.023226
1.878000,-0.228094,0.022856,-0.228094,0.022856
1.880000,-0.227219,0.022486,-0.227219,0.022486
1.882000,-0.226341,0.022115,-0.226341,0.022115
1.884000,-0.225462,0.021745,-0.225462,0.021745
1.886000,-0.224580,0.021374,-0.224580,0.021374
1.888000,-0.223696,0.021003,-0.223696,0.021003
1.890000,-0.222811,0.020631,-0.222811,0.020631
1.892000,-0.221923,0.020260,-0.221923,0.020260
1.894000,-0.221033,0.019888,-0.221033,0.019888
1.896000,-0.220142,0.019516,-0.220142,0.019516
1.898000,-0.219248,0.019144,-0.219248,0.019144
1.900000,-0.218353,0.018772,-0.218353,0.018772
1.902000,-0.217455,0.018400,-0.217455,0.018400
1.904000,-0.216556,0.018027,-0.216556,0.018027
1.906000,-0.215655,0.017654,-0.215655,0.017654
1.908000,-0.214753,0.017281,-0.214753,0.017281
1.910000,-0.213849,0.016908,-0.213849,0.016908
1.912000,-0.212943,0.016535,-0.212943,0.016535
1.914000,-0.212035,0.016161,-0.212035,0.016161
1.916000,-0.211126,0.015788,-0.211126,0.015788
1.918000,-0.210216,0.015414,-0.210216,0.015414
1.920000,-0.209303,0.015040,-0.209303,0.015040
1.922000,-0.208390,0.014666,-0.208390,0.014666
1.924000,-0.207475,0.014292,-0.207475,0.014292
1.926000,-0.206558,0.013917,-0.206558,0.013917
1.928000,-0.205641,0.013543,-0.205641,0.013543
1.930000,-0.204721,0.013168,-0.204721,0.013168
1.932000,-0.203801,0.012793,-0.203801,0.012793
1.934000,-0.202879,0.012418,-0.202879,0.012418
1.936000,-0.201956,0.012043,-0.201956,0.012043
1.938000,-0.201032,0.011668,-0.201032,0.011668
1.940000,-0.200107,0.011293,-0.200107,0.011293
1.942000,-0.199181,0.010918,-0.199181,0.010918
1.944000,-0.198253,0.010542,-0.198253,0.010542
1.946000,-0.197325,0.010167,-0.197325,0.010167
1.948000,-0.196396,0.009791,-0.196396,0.009791
1.950000,-0.195465,0.009415,-0.195465,0.009415
1.952000,-0.194534,0.009039,-0.194534,0.009039
1.954000,-0.193602,0.008663,-0.193602,0.008663
1.956000,-0.192669,0.008287,-0.192669,0.008287
1.958000,-0.191735,0.007911,-0.191735,0.007911
1.960000,-0.190800,0.007535,-0.190800,0.007535
1.962000,-0.189865,0.007159,-0.189865,0.007159
1.964000,-0.188928,0.006782,-0.188928,0.006782
1.966000,-0.187992,0.006406,-0.187992,0.006406
1.968000,-0.187054,0.006029,-0.187054,0.006029
1.970000,-0.186116,0.005653,-0.186116,0.005653
1.972000,-0.185178,0.005276,-0.185178,0.005276
1.974000,-0.184239,0.004900,-0.184239,0.004900
1.976000,-0.183299,0.004523,-0.183299,0.004523
1.978000,-0.182359,0.004146,-0.182359,0.004146
1.980000,-0.181419,0.003769,-0.181419,0.003769
1.982000,-0.180478,0.003392,-0.180478,0.003392
1.984000,-0.179537,0.003016,-0.179537,0.003016
1.986000,-0.178595,0.002639,-0.178595,0.002639
1.988000,-0.177654,0.002262,-0.177654,0.002262
1.990000,-0.176712,0.001885,-0.176712,0.001885
1.992000,-0.175770,0.001508,-0.175770,0.001508
1.994000,-0.174827,0.001131,-0.174827,0.001131
1.996000,-0.173885,0.000754,-0.173885,0.000754
1.998000,-0.172942,0.000377,-0.172942,0.000377
2.000000,-0.172000,0.000000,-0.172000,0.000000
2.002000,-0.171058,-0.000377,-0.171058,-0.000377
2.004000,-0.170115,-0.000754,-0.170115,-0.000754
2.006000,-0.169173,-0.001131,-0.169173,-0.001131
2.008000,-0.168230,-0.001508,-0.168230,-0.001508
2.010000,-0.167288,-0.001885,-0.167288,-0.001885
2.012000,-0.166346,-0.002262,-0.166346,-0.002262
2.014000,-0.165405,-0.002639,-0.165405,-0.002639
2.016000,-0.164463,-0.003016,-0.164463,-0.003016
2.018000,-0.163522,-0.003392,-0.163522,-0.003392
2.020000,-0.162581,-0.003769,-0.162581,-0.003769
2.022000,-0.161641,-0.004146,-0.161641,-0.004146
2.024000,-0.160701,-0.004523,-0.160701,-0.004523
2.026000,-0.159761,-0.004900,-0.159761,-0.004900
2.028000,-0.158822,-0.005276,-0.158822,-0.005276
2.030000,-0.157884,-0.005653,-0.157884,-0.005653
2.032000,-0.156946,-0.006029,-0.156946,-0.006029
2.034000,-0.156008,-0.006406,-0.156008,-0.006406
2.036000,-0.155072,-0.006782,-0.155072,-0.006782
2.038000,-0.154135,-0.007159,-0.154135,-0.007159
2.040000,-0.153200,-0.007535,-0.153200,-0.007535
2.042000,-0.152265,-0.007911,-0.152265,-0.007911
2.044000,-0.151331,-0.008287,-0.151331,-0.008287
2.046000,-0.150398,-0.008663,-0.150398,-0.008663
2.048000,-0.149466,-0.009039,-0.149466,-0.009039
2.050000,-0.148535,-0.009415,-0.148535,-0.009415
2.052000,-0.147604,-0.009791,-0.147604,-0.009791
2.054000,-0.146675,-0.010167,-0.146675,-0.010167
2.056000,-0.145747,-0.010542,-0.145747,-0.010542
2.058000,-0.144819,-0.010918,-0.144819,-0.010918
2.060000,-0.143893,-0.011293,-0.143893,-0.011293
2.062000,-0.142968,-0.011668,-0.142968,-0.011668
2.064000,-0.142044,-0.012043,-0.142044,-0.012043
2.066000,-0.141121,-0.012418,-0.141121,-0.012418
2.068000,-0.140199,-0.012793,-0.140199,-0.012793
2.070000,-0.139279,-0.013168,-0.139279,-0.013168
2.072000,-0.138359,-0.013543,-0.138359,-0.013543
2.074000,-0.137442,-0.013917,-0.137442,-0.013917
2.076000,-0.136525,-0.014292,-0.136525,-0.014292
2.078000,-0.135610,-0.014666,-0.135610,-0.014666
2.080000,-0.134697,-0.015040,-0.134697,-0.015040
2.082000,-0.133784,-0.015414,-0.133784,-0.015414
2.084000,-0.132874,-0.015788,-0.132874,-0.015788
2.086000,-0.131965,-0.016161,-0.131965,-0.016161
2.088000,-0.131057,-0.016535,-0.131057,-0.016535
2.090000,-0.130151,-0.016908,-0.130151,-0.016908
2.092000,-0.129247,-0.017281,-0.129247,-0.017281
2.094000,-0.128345,-0.017654,-0.128345,-0.017654
2.096000,-0.127444,-0.018027,-0.127444,-0.018027
2.098000,-0.126545,-0.018400,-0.126545,-0.018400
2.100000,-0.125647,-0.018772,-0.125647,-0.018772
2.102000,-0.124752,-0.019144,-0.124752,-0.019144
2.104000,-0.123858,-0.019516,-0.123858,-0.019516
2.106000,-0.122967,-0.019888,-0.122967,-0.019888
2.108000,-0.122077,-0.020260,-0.122077,-0.020260
2.110000,-0.121189,-0.020631,-0.121189,-0.020631
2.112000,-0.120304,-0.021003,-0.120304,-0.021003
2.114000,-0.119420,-0.021374,-0.119420,-0.021374
2.116000,-0.118538,-0.021745,-0.118538,-0.021745
2.118000,-0.117659,-0.022115,-0.117659,-0.022115
2.120000,-0.116781,-0.022486,-0.116781,-0.022486
2.122000,-0.115906,-0.022856,-0.115906,-0.022856
2.124000,-0.115033,-0.023226,-0.115033,-0.023226
2.126000,-0.114162,-0.023596,-0.114162,-0.023596
2.128000,-0.113294,-0.023965,-0.113294,-0.023965
2.130000,-0.112428,-0.024334,-0.112428,-0.024334
2.132000,-0.111564,-0.024704,-0.111564,-0.024704
2.134000,-0.110703,-0.025072,-0.110703,-0.025072
2.136000,-0.109844,-0.025441,-0.109844,-0.025441
2.138000,-0.108987,-0.025809,-0.108987,-0.025809
2.140000,-0.108133,-0.026177,-0.108133,-0.026177
2.142000,-0.107282,-0.026545,-0.107282,-0.026545
2.144000,-0.106433,-0.026912,-0.106433,-0.026912
2.146000,-0.105586,-0.027280,-0.105586,-0.027280
2.148000,-0.104743,-0.027647,-0.104743,-0.027647
2.150000,-0.103901,-0.028013,-0.103901,-0.028013
2.152000,-0.103063,-0.028380,-0.103063,-0.028380
2.154000,-0.102227,-0.028746,-0.102227,-0.028746
2.156000,-0.101394,-0.029112,-0.101394,-0.029112
2.158000,-0.100564,-0.029477,-0.100564,-0.029477
2.160000,-0.099737,-0.029843,-0.099737,-0.029843
2.162000,-0.098912,-0.030208,-0.098912,-0.030208
2.164000,-0.098091,-0.030572,-0.098091,-0.030572
2.166000,-0.097272,-0.030937,-0.097272,-0.030937
2.168000,-0.096457,-0.031301,-0.096457,-0.031301
2.170000,-0.095644,-0.031665,-0.095644,-0.031665
2.172000,-0.094834,-0.032028,-0.094834,-0.032028
2.174000,-0.094027,-0.032391,-0.094027,-0.032391
2.176000,-0.093224,-0.032754,-0.093224,-0.032754
2.178000,-0.092423,-0.033117,-0.092423,-0.033117
2.180000,-0.091626,-0.033479,-0.091626,-0.033479
2.182000,-0.090832,-0.033841,-0.090832,-0.033841
2.184000,-0.090041,-0.034202,-0.090041,-0.034202
2.186000,-0.089253,-0.034563,-0.089253,-0.034563
2.188000,-0.088469,-0.034924,-0.088469,-0.034924
2.190000,-0.087687,-0.035285,-0.087687,-0.035285
2.192000,-0.086910,-0.035645,-0.086910,-0.035645
2.194000,-0.086135,-0.036005,-0.086135,-0.036005
2.196000,-0.085364,-0.036364,-0.085364,-0.036364
2.198000,-0.084596,-0.036723,-0.084596,-0.036723
2.200000,-0.083832,-0.037082,-0.083832,-0.037082
2.202000,-0.083071,-0.037440,-0.083071,-0.037440
2.204000,-0.082314,-0.037798,-0.082314,-0.037798
2.206000,-0.081561,-0.038156,-0.081561,-0.038156
2.208000,-0.080810,-0.038513,-0.080810,-0.038513
2.210000,-0.080064,-0.038870,-0.080064,-0.038870
2.212000,-0.079321,-0.039227,-0.079321,-0.039227
2.214000,-0.078582,-0.039583,-0.078582,-0.039583
2.216000,-0.077846,-0.039938,-0.077846,-0.039938
2.218000,-0.077114,-0.040294,-0.077114,-0.040294
2.220000,-0.076386,-0.040649,-0.076386,-0.040649
2.222000,-0.075662,-0.041003,-0.075662,-0.041003
2.224000,-0.074942,-0.041357,-0.074942,-0.041357
2.226000,-0.074225,-0.041711,-0.074225,-0.041711
2.228000,-0.073512,-0.042064,-0.073512,-0.042064
2.230000,-0.072803,-0.042417,-0.072803,-0.042417
2.232000,-0.072098,-0.042769,-0.072098,-0.042769
2.234000,-0.071397,-0.043121,-0.071397,-0.043121
2.236000,-0.070700,-0.043473,-0.070700,-0.043473
2.238000,-0.070007,-0.043824,-0.070007,-0.043824
2.240000,-0.069318,-0.044175,-0.069318,-0.044175
2.242000,-0.068633,-0.044525,-0.068633,-0.044525
2.244000,-0.067952,-0.044875,-0.067952,-0.044875
2.246000,-0.067275,-0.045225,-0.067275,-0.045225
2.248000,-0.066603,-0.045573,-0.066603,-0.045573
2.250000,-0.065934,-0.045922,-0.065934,-0.045922
2.252000,-0.065270,-0.046270,-0.065270,-0.046270
2.254000,-0.064610,-0.046618,-0.064610,-0.046618
2.256000,-0.063954,-0.046965,-0.063954,-0.046965
2.258000,-0.063302,-0.047312,-0.063302,-0.047312
2.260000,-0.062655,-0.047658,-0.062655,-0.047658
2.262000,-0.062012,-0.048003,-0.062012,-0.048003
2.264000,-0.061373,-0.048349,-0.061373,-0.048349
2.266000,-0.060739,-0.048694,-0.060739,-0.048694
2.268000,-0.060109,-0.049038,-0.060109,-0.049038
2.270000,-0.059483,-0.049382,-0.059483,-0.049382
2.272000,-0.058862,-0.049725,-0.058862,-0.049725
2.274000,-0.058246,-0.050068,-0.058246,-0.050068
2.276000,-0.057634,-0.050410,-0.057634,-0.050410
2.278000,-0.057026,-0.050752,-0.057026,-0.050752
2.280000,-0.056423,-0.051094,-0.056423,-0.051094
2.282000,-0.055825,-0.051434,-0.055825,-0.051434
2.284000,-0.055231,-0.051775,-0.055231,-0.051775
2.286000,-0.054641,-0.052115,-0.054641,-0.052115
2.288000,-0.054057,-0.052454,-0.054057,-0.052454
2.290000,-0.053477,-0.052793,-0.053477,-0.052793
2.292000,-0.052901,-0.053131,-0.052901,-0.053131
2.294000,-0.052331,-0.053469,-0.052331,-0.053469
2.296000,-0.051765,-0.053806,-0.051765,-0.053806
2.298000,-0.051204,-0.054143,-0.051204,-0.054143
2.300000,-0.050647,-0.054479,-0.050647,-0.054479
2.302000,-0.050096,-0.054814,-0.050096,-0.054814
2.304000,-0.049549,-0.055150,-0.049549,-0.055150
2.306000,-0.049007,-0.055484,-0.049007,-0.055484
2.308000,-0.048470,-0.055818,-0.048470,-0.055818
2.310000,-0.047938,-0.056152,-0.047938,-0.056152
2.312000,-0.047411,-0.056484,-0.047411,-0.056484
2.314000,-0.046888,-0.056817,-0.046888,-0.056817
2.316000,-0.046371,-0.057149,-0.046371,-0.057149
2.318000,-0.045858,-0.057480,-0.045858,-0.057480
2.320000,-0.045351,-0.057810,-0.045351,-0.057810
2.322000,-0.044848,-0.058141,-0.044848,-0.058141
2.324000,-0.044351,-0.058470,-0.044351,-0.058470
2.326000,-0.043858,-0.058799,-0.043858,-0.058799
2.328000,-0.043371,-0.059127,-0.043371,-0.059127
2.330000,-0.042889,-0.059455,-0.042889,-0.059455
2.332000,-0.042411,-0.059782,-0.042411,-0.059782
2.334000,-0.041939,-0.060109,-0.041939,-0.060109
2.336000,-0.041472,-0.060435,-0.041472,-0.060435
2.338000,-0.041011,-0.060760,-0.041011,-0.060760
2.340000,-0.040554,-0.061085,-0.040554,-0.061085
2.342000,-0.040103,-0.061409,-0.040103,-0.061409
2.344000,-0.039656,-0.061733,-0.039656,-0.061733
2.346000,-0.039215,-0.062056,-0.039215,-0.062056
2.348000,-0.038780,-0.062378,-0.038780,-0.062378
2.350000,-0.038349,-0.062700,-0.038349,-0.062700
2.352000,-0.037924,-0.063021,-0.037924,-0.063021
2.354000,-0.037504,-0.063341,-0.037504,-0.063341
2.356000,-0.037089,-0.063661,-0.037089,-0.063661
2.358000,-0.036680,-0.063981,-0.036680,-0.063981
2.360000,-0.036276,-0.064299,-0.036276,-0.064299
2.362000,-0.035877,-0.064617,-0.035877,-0.064617
2.364000,-0.035484,-0.064935,-0.035484,-0.064935
2.366000,-0.035096,-0.065251,-0.035096,-0.065251
2.368000,-0.034714,-0.065567,-0.034714,-0.065567
2.370000,-0.034337,-0.065883,-0.034337,-0.065883
2.372000,-0.033965,-0.066198,-0.033965,-0.066198
2.374000,-0.033599,-0.066512,-0.033599,-0.066512
2.376000,-0.033238,-0.066825,-0.033238,-0.066825
2.378000,-0.032883,-0.067138,-0.032883,-0.067138
2.380000,-0.032534,-0.067450,-0.032534,-0.067450
2.382000,-0.032189,-0.067761,-0.032189,-0.067761
2.384000,-0.031851,-0.068072,-0.031851,-0.068072
2.386000,-0.031518,-0.068382,-0.031518,-0.068382
2.388000,-0.031190,-0.068692,-0.031190,-0.068692
2.390000,-0.030868,-0.069001,-0.030868,-0.069001
2.392000,-0.030551,-0.069309,-0.030551,-0.069309
2.394000,-0.030241,-0.069616,-0.030241,-0.069616
2.396000,-0.029935,-0.069923,-0.029935,-0.069923
2.398000,-0.029636,-0.070229,-0.029636,-0.070229
2.400000,-0.029342,-0.070534,-0.029342,-0.070534
2.402000,-0.029053,-0.070839,-0.029053,-0.070839
2.404000,-0.028770,-0.071143,-0.028770,-0.071143
2.406000,-0.028493,-0.071446,-0.028493,-0.071446
2.408000,-0.028222,-0.071749,-0.028222,-0.071749
2.410000,-0.027956,-0.072050,-0.027956,-0.072050
2.412000,-0.027696,-0.072352,-0.027696,-0.072352
2.414000,-0.027441,-0.072652,-0.027441,-0.072652
2.416000,-0.027193,-0.072952,-0.027193,-0.072952
2.418000,-0.026950,-0.073251,-0.026950,-0.073251
2.420000,-0.026713,-0.073549,-0.026713,-0.073549
2.422000,-0.026481,-0.073846,-0.026481,-0.073846
2.424000,-0.026255,-0.074143,-0.026255,-0.074143
2.426000,-0.026035,-0.074439,-0.026035,-0.074439
2.428000,-0.025821,-0.074735,-0.025821,-0.074735
2.430000,-0.025612,-0.075029,-0.025612,-0.075029
2.432000,-0.025410,-0.075323,-0.025410,-0.075323
2.434000,-0.025213,-0.075616,-0.025213,-0.075616
2.436000,-0.025022,-0.075908,-0.025022,-0.075908
2.438000,-0.024836,-0.076200,-0.024836,-0.076200
2.440000,-0.024657,-0.076491,-0.024657,-0.076491
2.442000,-0.024483,-0.076781,-0.024483,-0.076781
2.444000,-0.024315,-0.077070,-0.024315,-0.077070
2.446000,-0.024153,-0.077359,-0.024153,-0.077359
2.448000,-0.023997,-0.077647,-0.023997,-0.077647
2.450000,-0.023847,-0.077934,-0.023847,-0.077934
2.452000,-0.023702,-0.078220,-0.023702,-0.078220
2.454000,-0.023564,-0.078506,-0.023564,-0.078506
2.456000,-0.023431,-0.078790,-0.023431,-0.078790
2.458000,-0.023304,-0.079074,-0.023304,-0.079074
2.460000,-0.023183,-0.079357,-0.023183,-0.079357
2.462000,-0.023068,-0.079640,-0.023068,-0.079640
2.464000,-0.022958,-0.079921,-0.022958,-0.079921
2.466000,-0.022855,-0.080202,-0.022855,-0.080202
2.468000,-0.022757,-0.080482,-0.022757,-0.080482
2.470000,-0.022666,-0.080762,-0.022666,-0.080762
2.472000,-0.022580,-0.081040,-0.022580,-0.081040
2.474000,-0.022500,-0.081318,-0.022500,-0.081318
2.476000,-0.022426,-0.081594,-0.022426,-0.081594
2.478000,-0.022358,-0.081870,-0.022358,-0.081870
2.480000,-0.022296,-0.082146,-0.022296,-0.082146
2.482000,-0.022240,-0.082420,-0.022240,-0.082420
2.484000,-0.022189,-0.082694,-0.022189,-0.082694
2.486000,-0.022145,-0.082966,-0.022145,-0.082966
2.488000,-0.022107,-0.083238,-0.022107,-0.083238
2.490000,-0.022074,-0.083510,-0.022074,-0.083510
2.492000,-0.022047,-0.083780,-0.022047,-0.083780
2.494000,-0.022027,-0.084049,-0.022027,-0.084049
2.496000,-0.022012,-0.084318,-0.022012,-0.084318
2.498000,-0.022003,-0.084586,-0.022003,-0.084586
2.500000,-0.022000,-0.084853,-0.022000,-0.084853
2.502000,-0.022003,-0.085119,-0.022003,-0.085119
2.504000,-0.022012,-0.085384,-0.022012,-0.085384
2.506000,-0.022027,-0.085649,-0.022027,-0.085649
2.508000,-0.022047,-0.085912,-0.022047,-0.085912
2.510000,-0.022074,-0.086175,-0.022074,-0.086175
2.512000,-0.022107,-0.086437,-0.022107,-0.086437
2.514000,-0.022145,-0.086698,-0.022145,-0.086698
2.516000,-0.022189,-0.086958,-0.022189,-0.086958
2.518000,-0.022240,-0.087218,-0.022240,-0.087218
2.520000,-0.022296,-0.087476,-0.022296,-0.087476
2.522000,-0.022358,-0.087734,-0.022358,-0.087734
2.524000,-0.022426,-0.087991,-0.022426,-0.087991
2.526000,-0.022500,-0.088247,-0.022500,-0.088247
2.528000,-0.022580,-0.088502,-0.022580,-0.088502
2.530000,-0.022666,-0.088756,-0.022666,-0.088756
2.532000,-0.022757,-0.089009,-0.022757,-0.089009
2.534000,-0.022855,-0.089261,-0.022855,-0.089261
2.536000,-0.022958,-0.089513,-0.022958,-0.089513
2.538000,-0.023068,-0.089764,-0.023068,-0.089764
2.540000,-0.023183,-0.090013,-0.023183,-0.090013
2.542000,-0.023304,-0.090262,-0.023304,-0.090262
2.544000,-0.023431,-0.090510,-0.023431,-0.090510
2.546000,-0.023564,-0.090757,-0.023564,-0.090757
2.548000,-0.023702,-0.091003,-0.023702,-0.091003
2.550000,-0.023847,-0.091249,-0.023847,-0.091249
2.552000,-0.023997,-0.091493,-0.023997,-0.091493
2.554000,-0.024153,-0.091737,-0.024153,-0.091737
2.556000,-0.024315,-0.091979,-0.024315,-0.091979
2.558000,-0.024483,-0.092221,-0.024483,-0.092221
2.560000,-0.024657,-0.092462,-0.024657,-0.092462
2.562000,-0.024836,-0.092701,-0.024836,-0.092701
2.564000,-0.025022,-0.092940,-0.025022,-0.092940
2.566000,-0.025213,-0.093178,-0.025213,-0.093178
2.568000,-0.025410,-0.093415,-0.025410,-0.093415
2.570000,-0.025612,-0.093652,-0.025612,-0.093652
2.572000,-0.025821,-0.093887,-0.025821,-0.093887
2.574000,-0.026035,-0.094121,-0.026035,-0.094121
2.576000,-0.026255,-0.094355,-0.026255,-0.094355
2.578000,-0.026481,-0.094587,-0.026481,-0.094587
2.580000,-0.026713,-0.094819,-0.026713,-0.094819
2.582000,-0.026950,-0.095049,-0.026950,-0.095049
2.584000,-0.027193,-0.095279,-0.027193,-0.095279
2.586000,-0.027441,-0.095508,-0.027441,-0.095508
2.588000,-0.027696,-0.095735,-0.027696,-0.095735
2.590000,-0.027956,-0.095962,-0.027956,-0.095962
2.592000,-0.028222,-0.096188,-0.028222,-0.096188
2.594000,-0.028493,-0.096413,-0.028493,-0.096413
2.596000,-0.028770,-0.096637,-0.028770,-0.096637
2.598000,-0.029053,-0.096860,-0.029053,-0.096860
2.600000,-0.029342,-0.097082,-0.029342,-0.097082
2.602000,-0.029636,-0.097303,-0.029636,-0.097303
2.604000,-0.029935,-0.097523,-0.029935,-0.097523
2.606000,-0.030241,-0.097742,-0.030241,-0.097742
2.608000,-0.030551,-0.097961,-0.030551,-0.097961
2.610000,-0.030868,-0.098178,-0.030868,-0.098178
2.612000,-0.031190,-0.098394,-0.031190,-0.098394
2.614000,-0.031518,-0.098610,-0.031518,-0.098610
2.616000,-0.031851,-0.098824,-0.031851,-0.098824
2.618000,-0.032189,-0.099037,-0.032189,-0.099037
2.620000,-0.032534,-0.099250,-0.032534,-0.099250
2.622000,-0.032883,-0.099461,-0.032883,-0.099461
2.624000,-0.033238,-0.099672,-0.033238,-0.099672
2.626000,-0.033599,-0.099881,-0.033599,-0.099881
2.628000,-0.033965,-0.100089,-0.033965,-0.100089
2.630000,-0.034337,-0.100297,-0.034337,-0.100297
2.632000,-0.034714,-0.100503,-0.034714,-0.100503
2.634000,-0.035096,-0.100709,-0.035096,-0.100709
2.636000,-0.035484,-0.100913,-0.035484,-0.100913
2.638000,-0.035877,-0.101117,-0.035877,-0.101117
2.640000,-0.036276,-0.101319,-0.036276,-0.101319
2.642000,-0.036680,-0.101521,-0.036680,-0.101521
2.644000,-0.037089,-0.101721,-0.037089,-0.101721
2.646000,-0.037504,-0.101921,-0.037504,-0.101921
2.648000,-0.037924,-0.102119,-0.037924,-0.102119
2.650000,-0.038349,-0.102317,-0.038349,-0.102317
2.652000,-0.038780,-0.102513,-0.038780,-0.102513
2.654000,-0.039215,-0.102709,-0.039215,-0.102709
2.656000,-0.039656,-0.102903,-0.039656,-0.102903
2.658000,-0.040103,-0.103097,-0.040103,-0.103097
2.660000,-0.040554,-0.103289,-0.040554,-0.103289
2.662000,-0.041011,-0.103480,-0.041011,-0.103480
2.664000,-0.041472,-0.103671,-0.041472,-0.103671
2.666000,-0.041939,-0.103860,-0.041939,-0.103860
2.668000,-0.042411,-0.104048,-0.042411,-0.104048
2.670000,-0.042889,-0.104236,-0.042889,-0.104236
2.672000,-0.043371,-0.104422,-0.043371,-0.104422
2.674000,-0.043858,-0.104607,-0.043858,-0.104607
2.676000,-0.044351,-0.104791,-0.044351,-0.104791
2.678000,-0.044848,-0.104975,-0.044848,-0.104975
2.680000,-0.045351,-0.105157,-0.045351,-0.105157
2.682000,-0.045858,-0.105338,-0.045858,-0.105338
2.684000,-0.046371,-0.105518,-0.046371,-0.105518
2.686000,-0.046888,-0.105697,-0.046888,-0.105697
2.688000,-0.047411,-0.105875,-0.047411,-0.105875
2.690000,-0.047938,-0.106052,-0.047938,-0.106052
2.692000,-0.048470,-0.106228,-0.048470,-0.106228
2.694000,-0.049007,-0.106403,-0.049007,-0.106403
2.696000,-0.049549,-0.106576,-0.049549,-0.106576
2.698000,-0.050096,-0.106749,-0.050096,-0.106749
2.700000,-0.050647,-0.106921,-0.050647,-0.106921
2.702000,-0.051204,-0.107091,-0.051204,-0.107091
2.704000,-0.051765,-0.107261,-0.051765,-0.107261
2.706000,-0.052331,-0.107429,-0.052331,-0.107429
2.708000,-0.052901,-0.107597,-0.052901,-0.107597
2.710000,-0.053477,-0.107763,-0.053477,-0.107763
2.712000,-0.054057,-0.107929,-0.054057,-0.107929
2.714000,-0.054641,-0.108093,-0.054641,-0.108093
2.716000,-0.055231,-0.108256,-0.055231,-0.108256
2.718000,-0.055825,-0.108418,-0.055825,-0.108418
2.720000,-0.056423,-0.108579,-0.056423,-0.108579
2.722000,-0.057026,-0.108739,-0.057026,-0.108739
2.724000,-0.057634,-0.108898,-0.057634,-0.108898
2.726000,-0.058246,-0.109056,-0.058246,-0.109056
2.728000,-0.058862,-0.109213,-0.058862,-0.109213
2.730000,-0.059483,-0.109368,-0.059483,-0.109368
2.732000,-0.060109,-0.109523,-0.060109,-0.109523
2.734000,-0.060739,-0.109677,-0.060739,-0.109677
2.736000,-0.061373,-0.109829,-0.061373,-0.109829
2.738000,-0.062012,-0.109980,-0.062012,-0.109980
2.740000,-0.062655,-0.110131,-0.062655,-0.110131
2.742000,-0.063302,-0.110280,-0.063302,-0.110280
2.744000,-0.063954,-0.110428,-0.063954,-0.110428
2.746000,-0.064610,-0.110575,-0.064610,-0.110575
2.748000,-0.065270,-0.110721,-0.065270,-0.110721
2.750000,-0.065934,-0.110866,-0.065934,-0.110866
2.752000,-0.066603,-0.111009,-0.066603,-0.111009
2.754000,-0.067275,-0.111152,-0.067275,-0.111152
2.756000,-0.067952,-0.111293,-0.067952,-0.111293
2.758000,-0.068633,-0.111434,-0.068633,-0.111434
2.760000,-0.069318,-0.111573,-0.069318,-0.111573
2.762000,-0.070007,-0.111711,-0.070007,-0.111711
2.764000,-0.070700,-0.111849,-0.070700,-0.111849
2.766000,-0.071397,-0.111985,-0.071397,-0.111985
2.768000,-0.072098,-0.112119,-0.072098,-0.112119
2.770000,-0.072803,-0.112253,-0.072803,-0.112253
2.772000,-0.073512,-0.112386,-0.073512,-0.112386
2.774000,-0.074225,-0.112518,-0.074225,-0.112518
2.776000,-0.074942,-0.112648,-0.074942,-0.112648
2.778000,-0.075662,-0.112777,-0.075662,-0.112777
2.780000,-0.076386,-0.112906,-0.076386,-0.112906
2.782000,-0.077114,-0.113033,-0.077114,-0.113033
2.784000,-0.077846,-0.113159,-0.077846,-0.113159
2.786000,-0.078582,-0.113284,-0.078582,-0.113284
2.788000,-0.079321,-0.113408,-0.079321,-0.113408
2.790000,-0.080064,-0.113530,-0.080064,-0.113530
2.792000,-0.080810,-0.113652,-0.080810,-0.113652
2.794000,-0.081561,-0.113772,-0.081561,-0.113772
2.796000,-0.082314,-0.113892,-0.082314,-0.113892
2.798000,-0.083071,-0.114010,-0.083071,-0.114010
2.800000,-0.083832,-0.114127,-0.083832,-0.114127
2.802000,-0.084596,-0.114243,-0.084596,-0.114243
2.804000,-0.085364,-0.114358,-0.085364,-0.114358
2.806000,-0.086135,-0.114471,-0.086135,-0.114471
2.808000,-0.086910,-0.114584,-0.086910,-0.114584
2.810000,-0.087687,-0.114695,-0.087687,-0.114695
2.812000,-0.088469,-0.114805,-0.088469,-0.114805
2.814000,-0.089253,-0.114915,-0.089253,-0.114915
2.816000,-0.090041,-0.115023,-0.090041,-0.115023
2.818000,-0.090832,-0.115129,-0.090832,-0.115129
2.820000,-0.091626,-0.115235,-0.091626,-0.115235
2.822000,-0.092423,-0.115340,-0.092423,-0.115340
2.824000,-0.093224,-0.115443,-0.093224,-0.115443
2.826000,-0.094027,-0.115546,-0.094027,-0.115546
2.828000,-0.094834,-0.115647,-0.094834,-0.115647
2.830000,-0.095644,-0.115747,-0.095644,-0.115747
2.832000,-0.096457,-0.115846,-0.096457,-0.115846
2.834000,-0.097272,-0.115944,-0.097272,-0.115944
2.836000,-0.098091,-0.116040,-0.098091,-0.116040
2.838000,-0.098912,-0.116136,-0.098912,-0.116136
2.840000,-0.099737,-0.116230,-0.099737,-0.116230
2.842000,-0.100564,-0.116323,-0.100564,-0.116323
2.844000,-0.101394,-0.116415,-0.101394,-0.116415
2.846000,-0.102227,-0.116506,-0.102227,-0.116506
2.848000,-0.103063,-0.116596,-0.103063,-0.116596
2.850000,-0.103901,-0.116684,-0.103901,-0.116684
2.852000,-0.104743,-0.116772,-0.104743,-0.116772
2.854000,-0.105586,-0.116858,-0.105586,-0.116858
2.856000,-0.106433,-0.116943,-0.106433,-0.116943
2.858000,-0.107282,-0.117027,-0.107282,-0.117027
2.860000,-0.108133,-0.117110,-0.108133,-0.117110
2.862000,-0.108987,-0.117192,-0.108987,-0.117192
2.864000,-0.109844,-0.117272,-0.109844,-0.117272
2.866000,-0.110703,-0.117352,-0.110703,-0.117352
2.868000,-0.111564,-0.117430,-0.111564,-0.117430
2.870000,-0.112428,-0.117507,-0.112428,-0.117507
2.872000,-0.113294,-0.117583,-0.113294,-0.117583
2.874000,-0.114162,-0.117657,-0.114162,-0.117657
2.876000,-0.115033,-0.117731,-0.115033,-0.117731
2.878000,-0.115906,-0.117803,-0.115906,-0.117803
2.880000,-0.116781,-0.117874,-0.116781,-0.117874
2.882000,-0.117659,-0.117945,-0.117659,-0.117945
2.884000,-0.118538,-0.118013,-0.118538,-0.118013
2.886000,-0.119420,-0.118081,-0.119420,-0.118081
2.888000,-0.120304,-0.118148,-0.120304,-0.118148
2.890000,-0.121189,-0.118213,-0.121189,-0.118213
2.892000,-0.122077,-0.118277,-0.122077,-0.118277
2.894000,-0.122967,-0.118340,-0.122967,-0.118340
2.896000,-0.123858,-0.118402,-0.123858,-0.118402
2.898000,-0.124752,-0.118463,-0.124752,-0.118463
2.900000,-0.125647,-0.118523,-0.125647,-0.118523
2.902000,-0.126545,-0.118581,-0.126545,-0.118581
2.904000,-0.127444,-0.118638,-0.127444,-0.118638
2.906000,-0.128345,-0.118694,-0.128345,-0.118694
2.908000,-0.129247,-0.118749,-0.129247,-0.118749
2.910000,-0.130151,-0.118803,-0.130151,-0.118803
2.912000,-0.131057,-0.118855,-0.131057,-0.118855
2.914000,-0.131965,-0.118907,-0.131965,-0.118907
2.916000,-0.132874,-0.118957,-0.132874,-0.118957
2.918000,-0.133784,-0.119006,-0.133784,-0.119006
2.920000,-0.134697,-0.119054,-0.134697,-0.119054
2.922000,-0.135610,-0.119100,-0.135610,-0.119100
2.924000,-0.136525,-0.119146,-0.136525,-0.119146
2.926000,-0.137442,-0.119190,-0.137442,-0.119190
2.928000,-0.138359,-0.119233,-0.138359,-0.119233
2.930000,-0.139279,-0.119275,-0.139279,-0.119275
2.932000,-0.140199,-0.119316,-0.140199,-0.119316
2.934000,-0.141121,-0.119356,-0.141121,-0.119356
2.936000,-0.142044,-0.119394,-0.142044,-0.119394
2.938000,-0.142968,-0.119431,-0.142968,-0.119431
2.940000,-0.143893,-0.119467,-0.143893,-0.119467
2.942000,-0.144819,-0.119502,-0.144819,-0.119502
2.944000,-0.145747,-0.119536,-0.145747,-0.119536
2.946000,-0.146675,-0.119569,-0.146675,-0.119569
2.948000,-0.147604,-0.119600,-0.147604,-0.119600
2.950000,-0.148535,-0.119630,-0.148535,-0.119630
2.952000,-0.149466,-0.119659,-0.149466,-0.119659
2.954000,-0.150398,-0.119687,-0.150398,-0.119687
2.956000,-0.151331,-0.119714,-0.151331,-0.119714
2.958000,-0.152265,-0.119739,-0.152265,-0.119739
2.960000,-0.153200,-0.119763,-0.153200,-0.119763
2.962000,-0.154135,-0.119786,-0.154135,-0.119786
2.964000,-0.155072,-0.119808,-0.155072,-0.119808
2.966000,-0.156008,-0.119829,-0.156008,-0.119829
2.968000,-0.156946,-0.119848,-0.156946,-0.119848
2.970000,-0.157884,-0.119867,-0.157884,-0.119867
2.972000,-0.158822,-0.119884,-0.158822,-0.119884
2.974000,-0.159761,-0.119900,-0.159761,-0.119900
2.976000,-0.160701,-0.119915,-0.160701,-0.119915
2.978000,-0.161641,-0.119928,-0.161641,-0.119928
2.980000,-0.162581,-0.119941,-0.162581,-0.119941
2.982000,-0.163522,-0.119952,-0.163522,-0.119952
2.984000,-0.164463,-0.119962,-0.164463,-0.119962
2.986000,-0.165405,-0.119971,-0.165405,-0.119971
2.988000,-0.166346,-0.119979,-0.166346,-0.119979
2.990000,-0.167288,-0.119985,-0.167288,-0.119985
2.992000,-0.168230,-0.119991,-0.168230,-0.119991
2.994000,-0.169173,-0.119995,-0.169173,-0.119995
2.996000,-0.170115,-0.119998,-0.170115,-0.119998
2.998000,-0.171058,-0.119999,-0.171058,-0.119999
3.000000,-0.172000,-0.120000,-0.172000,-0.120000
3.002000,-0.172942,-0.119999,-0.172942,-0.119999
3.004000,-0.173885,-0.119998,-0.173885,-0.119998
3.006000,-0.174827,-0.119995,-0.174827,-0.119995
3.008000,-0.175770,-0.119991,-0.175770,-0.119991
3.010000,-0.176712,-0.119985,-0.176712,-0.119985
3.012000,-0.177654,-0.119979,-0.177654,-0.119979
3.014000,-0.178595,-0.119971,-0.178595,-0.119971
3.016000,-0.179537,-0.119962,-0.179537,-0.119962
3.018000,-0.180478,-0.119952,-0.180478,-0.119952
3.020000,-0.181419,-0.119941,-0.181419,-0.119941
3.022000,-0.182359,-0.119928,-0.182359,-0.119928
3.024000,-0.183299,-0.119915,-0.183299,-0.119915
3.026000,-0.184239,-0.119900,-0.184239,-0.119900
3.028000,-0.185178,-0.119884,-0.185178,-0.119884
3.030000,-0.186116,-0.119867,-0.186116,-0.119867
3.032000,-0.187054,-0.119848,-0.187054,-0.119848
3.034000,-0.187992,-0.119829,-0.187992,-0.119829
3.036000,-0.188928,-0.119808,-0.188928,-0.119808
3.038000,-0.189865,-0.119786,-0.189865,-0.119786
3.040000,-0.190800,-0.119763,-0.190800,-0.119763
3.042000,-0.191735,-0.119739,-0.191735,-0.119739
3.044000,-0.192669,-0.119714,-0.192669,-0.119714
3.046000,-0.193602,-0.119687,-0.193602,-0.119687
3.048000,-0.194534,-0.119659,-0.194534,-0.119659
3.050000,-0.195465,-0.119630,-0.195465,-0.119630
3.052000,-0.196396,-0.119600,-0.196396,-0.119600
3.054000,-0.197325,-0.119569,-0.197325,-0.119569
3.056000,-0.198253,-0.119536,-0.198253,-0.119536
3.058000,-0.199181,-0.119502,-0.199181,-0.119502
3.060000,-0.200107,-0.119467,-0.200107,-0.119467
3.062000,-0.201032,-0.119431,-0.201032,-0.119431
3.064000,-0.201956,-0.119394,-0.201956,-0.119394
3.066000,-0.202879,-0.119356,-0.202879,-0.119356
3.068000,-0.203801,-0.119316,-0.203801,-0.119316
3.070000,-0.204721,-0.119275,-0.204721,-0.119275
3.072000,-0.205641,-0.119233,-0.205641,-0.119233
3.074000,-0.206558,-0.119190,-0.206558,-0.119190
3.076000,-0.207475,-0.119146,-0.207475,-0.119146
3.078000,-0.208390,-0.119100,-0.208390,-0.119100
3.080000,-0.209303,-0.119054,-0.209303,-0.119054
3.082000,-0.210216,-0.119006,-0.210216,-0.119006
3.084000,-0.211126,-0.118957,-0.211126,-0.118957
3.086000,-0.212035,-0.118907,-0.212035,-0.118907
3.088000,-0.212943,-0.118855,-0.212943,-0.118855
3.090000,-0.213849,-0.118803,-0.213849,-0.118803
3.092000,-0.214753,-0.118749,-0.214753,-0.118749
3.094000,-0.215655,-0.118694,-0.215655,-0.118694
3.096000,-0.216556,-0.118638,-0.216556,-0.118638
3.098000,-0.217455,-0.118581,-0.217455,-0.118581
3.100000,-0.218353,-0.118523,-0.218353,-0.118523
3.102000,-0.219248,-0.118463,-0.219248,-0.118463
3.104000,-0.220142,-0.118402,-0.220142,-0.118402
3.106000,-0.221033,-0.118340,-0.221033,-0.118340
3.108000,-0.221923,-0.118277,-0.221923,-0.118277
3.110000,-0.222811,-0.118213,-0.222811,-0.118213
3.112000,-0.223696,-0.118148,-0.223696,-0.118148
3.114000,-0.224580,-0.118081,-0.224580,-0.118081
3.116000,-0.225462,-0.118013,-0.225462,-0.118013
3.118000,-0.226341,-0.117945,-0.226341,-0.117945
3.120000,-0.227219,-0.117874,-0.227219,-0.117874
3.122000,-0.228094,-0.117803,-0.228094,-0.117803
3.124000,-0.228967,-0.117731,-0.228967,-0.117731
3.126000,-0.229838,-0.117657,-0.229838,-0.117657
3.128000,-0.230706,-0.117583,-0.230706,-0.117583
3.130000,-0.231572,-0.117507,-0.231572,-0.117507
3.132000,-0.232436,-0.117430,-0.232436,-0.117430
3.134000,-0.233297,-0.117352,-0.233297,-0.117352
3.136000,-0.234156,-0.117272,-0.234156,-0.117272
3.138000,-0.235013,-0.117192,-0.235013,-0.117192
3.140000,-0.235867,-0.117110,-0.235867,-0.117110
3.142000,-0.236718,-0.117027,-0.236718,-0.117027
3.144000,-0.237567,-0.116943,-0.237567,-0.116943
3.146000,-0.238414,-0.116858,-0.238414,-0.116858
3.148000,-0.239257,-0.116772,-0.239257,-0.116772
3.150000,-0.240099,-0.116684,-0.240099,-0.116684
3.152000,-0.240937,-0.116596,-0.240937,-0.116596
3.154000,-0.241773,-0.116506,-0.241773,-0.116506
3.156000,-0.242606,-0.116415,-0.242606,-0.116415
3.158000,-0.243436,-0.116323,-0.243436,-0.116323
3.160000,-0.244263,-0.116230,-0.244263,-0.116230
3.162000,-0.245088,-0.116136,-0.245088,-0.116136
3.164000,-0.245909,-0.116040,-0.245909,-0.116040
3.166000,-0.246728,-0.115944,-0.246728,-0.115944
3.168000,-0.247543,-0.115846,-0.247543,-0.115846
3.170000,-0.248356,-0.115747,-0.248356,-0.115747
3.172000,-0.249166,-0.115647,-0.249166,-0.115647
3.174000,-0.249973,-0.115546,-0.249973,-0.115546
3.176000,-0.250776,-0.115443,-0.250776,-0.115443
3.178000,-0.251577,-0.115340,-0.251577,-0.115340
3.180000,-0.252374,-0.115235,-0.252374,-0.115235
3.182000,-0.253168,-0.115129,-0.253168,-0.115129
3.184000,-0.253959,-0.115023,-0.253959,-0.115023
3.186000,-0.254747,-0.114915,-0.254747,-0.114915
3.188000,-0.255531,-0.114805,-0.255531,-0.114805
3.190000,-0.256313,-0.114695,-0.256313,-0.114695
3.192000,-0.257090,-0.114584,-0.257090,-0.114584
3.194000,-0.257865,-0.114471,-0.257865,-0.114471
3.196000,-0.258636,-0.114358,-0.258636,-0.114358
3.198000,-0.259404,-0.114243,-0.259404,-0.114243
3.200000,-0.260168,-0.114127,-0.260168,-0.114127
3.202000,-0.260929,-0.114010,-0.260929,-0.114010
3.204000,-0.261686,-0.113892,-0.261686,-0.113892
3.206000,-0.262439,-0.113772,-0.262439,-0.113772
3.208000,-0.263190,-0.113652,-0.263190,-0.113652
3.210000,-0.263936,-0.113530,-0.263936,-0.113530
3.212000,-0.264679,-0.113408,-0.264679,-0.113408
3.214000,-0.265418,-0.113284,-0.265418,-0.113284
3.216000,-0.266154,-0.113159,-0.266154,-0.113159
3.218000,-0.266886,-0.113033,-0.266886,-0.113033
3.220000,-0.267614,-0.112906,-0.267614,-0.112906
3.222000,-0.268338,-0.112777,-0.268338,-0.112777
3.224000,-0.269058,-0.112648,-0.269058,-0.112648
3.226000,-0.269775,-0.112518,-0.269775,-0.112518
3.228000,-0.270488,-0.112386,-0.270488,-0.112386
3.230000,-0.271197,-0.112253,-0.271197,-0.112253
3.232000,-0.271902,-0.112119,-0.271902,-0.112119
3.234000,-0.272603,-0.111985,-0.272603,-0.111985
3.236000,-0.273300,-0.111849,-0.273300,-0.111849
3.238000,-0.273993,-0.111711,-0.273993,-0.111711
3.240000,-0.274682,-0.111573,-0.274682,-0.111573
3.242000,-0.275367,-0.111434,-0.275367,-0.111434
3.244000,-0.276048,-0.111293,-0.276048,-0.111293
3.246000,-0.276725,-0.111152,-0.276725,-0.111152
3.248000,-0.277397,-0.111009,-0.277397,-0.111009
3.250000,-0.278066,-0.110866,-0.278066,-0.110866
3.252000,-0.278730,-0.110721,-0.278730,-0.110721
3.254000,-0.279390,-0.110575,-0.279390,-0.110575
3.256000,-0.280046,-0.110428,-0.280046,-0.110428
3.258000,-0.280698,-0.110280,-0.280698,-0.110280
3.260000,-0.281345,-0.110131,-0.281345,-0.110131
3.262000,-0.281988,-0.109980,-0.281988,-0.109980
3.264000,-0.282627,-0.109829,-0.282627,-0.109829
3.266000,-0.283261,-0.109677,-0.283261,-0.109677
3.268000,-0.283891,-0.109523,-0.283891,-0.109523
3.270000,-0.284517,-0.109368,-0.284517,-0.109368
3.272000,-0.285138,-0.109213,-0.285138,-0.109213
3.274000,-0.285754,-0.109056,-0.285754,-0.109056
3.276000,-0.286366,-0.108898,-0.286366,-0.108898
3.278000,-0.286974,-0.108739,-0.286974,-0.108739
3.280000,-0.287577,-0.108579,-0.287577,-0.108579
3.282000,-0.288175,-0.108418,-0.288175,-0.108418
3.284000,-0.288769,-0.108256,-0.288769,-0.108256
3.286000,-0.289359,-0.108093,-0.289359,-0.108093
3.288000,-0.289943,-0.107929,-0.289943,-0.107929
3.290000,-0.290523,-0.107763,-0.290523,-0.107763
3.292000,-0.291099,-0.107597,-0.291099,-0.107597
3.294000,-0.291669,-0.107429,-0.291669,-0.107429
3.296000,-0.292235,-0.107261,-0.292235,-0.107261
3.298000,-0.292796,-0.107091,-0.292796,-0.107091
3.300000,-0.293353,-0.106921,-0.293353,-0.106921
3.302000,-0.293904,-0.106749,-0.293904,-0.106749
3.304000,-0.294451,-0.106576,-0.294451,-0.106576
3.306000,-0.294993,-0.106403,-0.294993,-0.106403
3.308000,-0.295530,-0.106228,-0.295530,-0.106228
3.310000,-0.296062,-0.106052,-0.296062,-0.106052
3.312000,-0.296589,-0.105875,-0.296589,-0.105875
3.314000,-0.297112,-0.105697,-0.297112,-0.105697
3.316000,-0.297629,-0.105518,-0.297629,-0.105518
3.318000,-0.298142,-0.105338,-0.298142,-0.105338
3.320000,-0.298649,-0.105157,-0.298649,-0.105157
3.322000,-0.299152,-0.104975,-0.299152,-0.104975
3.324000,-0.299649,-0.104791,-0.299649,-0.104791
3.326000,-0.300142,-0.104607,-0.300142,-0.104607
3.328000,-0.300629,-0.104422,-0.300629,-0.104422
3.330000,-0.301111,-0.104236,-0.301111,-0.104236
3.332000,-0.301589,-0.104048,-0.301589,-0.104048
3.334000,-0.302061,-0.103860,-0.302061,-0.103860
3.336000,-0.302528,-0.103671,-0.302528,-0.103671
3.338000,-0.302989,-0.103480,-0.302989,-0.103480
3.340000,-0.303446,-0.103289,-0.303446,-0.103289
3.342000,-0.303897,-0.103097,-0.303897,-0.103097
3.344000,-0.304344,-0.102903,-0.304344,-0.102903
3.346000,-0.304785,-0.102709,-0.304785,-0.102709
3.348000,-0.305220,-0.102513,-0.305220,-0.102513
3.350000,-0.305651,-0.102317,-0.305651,-0.102317
3.352000,-0.306076,-0.102119,-0.306076,-0.102119
3.354000,-0.306496,-0.101921,-0.306496,-0.101921
3.356000,-0.306911,-0.101721,-0.306911,-0.101721
3.358000,-0.307320,-0.101521,-0.307320,-0.101521
3.360000,-0.307724,-0.101319,-0.307724,-0.101319
3.362000,-0.308123,-0.101117,-0.308123,-0.101117
3.364000,-0.308516,-0.100913,-0.308516,-0.100913
3.366000,-0.308904,-0.100709,-0.308904,-0.100709
3.368000,-0.309286,-0.100503,-0.309286,-0.100503
3.370000,-0.309663,-0.100297,-0.309663,-0.100297
3.372000,-0.310035,-0.100089,-0.310035,-0.100089
3.374000,-0.310401,-0.099881,-0.310401,-0.099881
3.376000,-0.310762,-0.099672,-0.310762,-0.099672
3.378000,-0.311117,-0.099461,-0.311117,-0.099461
3.380000,-0.311466,-0.099250,-0.311466,-0.099250
3.382000,-0.311811,-0.099037,-0.311811,-0.099037
3.384000,-0.312149,-0.098824,-0.312149,-0.098824
3.386000,-0.312482,-0.098610,-0.312482,-0.098610
3.388000,-0.312810,-0.098394,-0.312810,-0.098394
3.390000,-0.313132,-0.098178,-0.313132,-0.098178
3.392000,-0.313449,-0.097961,-0.313449,-0.097961
3.394000,-0.313759,-0.097742,-0.313759,-0.097742
3.396000,-0.314065,-0.097523,-0.314065,-0.097523
3.398000,-0.314364,-0.097303,-0.314364,-0.097303
3.400000,-0.314658,-0.097082,-0.314658,-0.097082
3.402000,-0.314947,-0.096860,-0.314947,-0.096860
3.404000,-0.315230,-0.096637,-0.315230,-0.096637
3.406000,-0.315507,-0.096413,-0.315507,-0.096413
3.408000,-0.315778,-0.096188,-0.315778,-0.096188
3.410000,-0.316044,-0.095962,-0.316044,-0.095962
3.412000,-0.316304,-0.095735,-0.316304,-0.095735
3.414000,-0.316559,-0.095508,-0.316559,-0.095508
3.416000,-0.316807,-0.095279,-0.316807,-0.095279
3.418000,-0.317050,-0.095049,-0.317050,-0.095049
3.420000,-0.317287,-0.094819,-0.317287,-0.094819
3.422000,-0.317519,-0.094587,-0.317519,-0.094587
3.424000,-0.317745,-0.094355,-0.317745,-0.094355
3.426000,-0.317965,-0.094121,-0.317965,-0.094121
3.428000,-0.318179,-0.093887,-0.318179,-0.093887
3.430000,-0.318388,-0.093652,-0.318388,-0.093652
3.432000,-0.318590,-0.093415,-0.318590,-0.093415
3.434000,-0.318787,-0.093178,-0.318787,-0.093178
3.436000,-0.318978,-0.092940,-0.318978,-0.092940
3.438000,-0.319164,-0.092701,-0.319164,-0.092701
3.440000,-0.319343,-0.092462,-0.319343,-0.092462
3.442000,-0.319517,-0.092221,-0.319517,-0.092221
3.444000,-0.319685,-0.091979,-0.319685,-0.091979
3.446000,-0.319847,-0.091737,-0.319847,-0.091737
3.448000,-0.320003,-0.091493,-0.320003,-0.091493
3.450000,-0.320153,-0.091249,-0.320153,-0.091249
3.452000,-0.320298,-0.091003,-0.320298,-0.091003
3.454000,-0.320436,-0.090757,-0.320436,-0.090757
3.456000,-0.320569,-0.090510,-0.320569,-0.090510
3.458000,-0.320696,-0.090262,-0.320696,-0.090262
3.460000,-0.320817,-0.090013,-0.320817,-0.090013
3.462000,-0.320932,-0.089764,-0.320932,-0.089764
3.464000,-0.321042,-0.089513,-0.321042,-0.089513
3.466000,-0.321145,-0.089261,-0.321145,-0.089261
3.468000,-0.321243,-0.089009,-0.321243,-0.089009
3.470000,-0.321334,-0.088756,-0.321334,-0.088756
3.472000,-0.321420,-0.088502,-0.321420,-0.088502
3.474000,-0.321500,-0.088247,-0.321500,-0.088247
3.476000,-0.321574,-0.087991,-0.321574,-0.087991
3.478000,-0.321642,-0.087734,-0.321642,-0.087734
3.480000,-0.321704,-0.087476,-0.321704,-0.087476
3.482000,-0.321760,-0.087218,-0.321760,-0.087218
3.484000,-0.321811,-0.086958,-0.321811,-0.086958
3.486000,-0.321855,-0.086698,-0.321855,-0.086698
3.488000,-0.321893,-0.086437,-0.321893,-0.086437
3.490000,-0.321926,-0.086175,-0.321926,-0.086175
3.492000,-0.321953,-0.085912,-0.321953,-0.085912
3.494000,-0.321973,-0.085649,-0.321973,-0.085649
3.496000,-0.321988,-0.085384,-0.321988,-0.085384
3.498000,-0.321997,-0.085119,-0.321997,-0.085119
3.500000,-0.322000,-0.084853,-0.322000,-0.084853
3.502000,-0.321997,-0.084586,-0.321997,-0.084586
3.504000,-0.321988,-0.084318,-0.321988,-0.084318
3.506000,-0.321973,-0.084049,-0.321973,-0.084049
3.508000,-0.321953,-0.083780,-0.321953,-0.083780
3.510000,-0.321926,-0.083510,-0.321926,-0.083510
3.512000,-0.321893,-0.083238,-0.321893,-0.083238
3.514000,-0.321855,-0.082966,-0.321855,-0.082966
3.516000,-0.321811,-0.082694,-0.321811,-0.082694
3.518000,-0.321760,-0.082420,-0.321760,-0.082420
3.520000,-0.321704,-0.082146,-0.321704,-0.082146
3.522000,-0.321642,-0.081870,-0.321642,-0.081870
3.524000,-0.321574,-0.081594,-0.321574,-0.081594
3.526000,-0.321500,-0.081318,-0.321500,-0.081318
3.528000,-0.321420,-0.081040,-0.321420,-0.081040
3.530000,-0.321334,-0.080762,-0.321334,-0.080762
3.532000,-0.321243,-0.080482,-0.321243,-0.080482
3.534000,-0.321145,-0.080202,-0.321145,-0.080202
3.536000,-0.321042,-0.079921,-0.321042,-0.079921
3.538000,-0.320932,-0.079640,-0.320932,-0.079640
3.540000,-0.320817,-0.079357,-0.320817,-0.079357
3.542000,-0.320696,-0.079074,-0.320696,-0.079074
3.544000,-0.320569,-0.078790,-0.320569,-0.078790
3.546000,-0.320436,-0.078506,-0.320436,-0.078506
3.548000,-0.320298,-0.078220,-0.320298,-0.078220
3.550000,-0.320153,-0.077934,-0.320153,-0.077934
3.552000,-0.320003,-0.077647,-0.320003,-0.077647
3.554000,-0.319847,-0.077359,-0.319847,-0.077359
3.556000,-0.319685,-0.077070,-0.319685,-0.077070
3.558000,-0.319517,-0.076781,-0.319517,-0.076781
3.560000,-0.319343,-0.076491,-0.319343,-0.076491
3.562000,-0.319164,-0.076200,-0.319164,-0.076200
3.564000,-0.318978,-0.075908,-0.318978,-0.075908
3.566000,-0.318787,-0.075616,-0.318787,-0.075616
3.568000,-0.318590,-0.075323,-0.318590,-0.075323
3.570000,-0.318388,-0.075029,-0.318388,-0.075029
3.572000,-0.318179,-0.074735,-0.318179,-0.074735
3.574000,-0.317965,-0.074439,-0.317965,-0.074439
3.576000,-0.317745,-0.074143,-0.317745,-0.074143
3.578000,-0.317519,-0.073846,-0.317519,-0.073846
3.580000,-0.317287,-0.073549,-0.317287,-0.073549
3.582000,-0.317050,-0.073251,-0.317050,-0.073251
3.584000,-0.316807,-0.072952,-0.316807,-0.072952
3.586000,-0.316559,-0.072652,-0.316559,-0.072652
3.588000,-0.316304,-0.072352,-0.316304,-0.072352
3.590000,-0.316044,-0.072050,-0.316044,-0.072050
3.592000,-0.315778,-0.071749,-0.315778,-0.071749
3.594000,-0.315507,-0.071446,-0.315507,-0.071446
3.596000,-0.315230,-0.071143,-0.315230,-0.071143
3.598000,-0.314947,-0.070839,-0.314947,-0.070839
3.600000,-0.314658,-0.070534,-0.314658,-0.070534
3.602000,-0.314364,-0.070229,-0.314364,-0.070229
3.604000,-0.314065,-0.069923,-0.314065,-0.069923
3.606000,-0.313759,-0.069616,-0.313759,-0.069616
3.608000,-0.313449,-0.069309,-0.313449,-0.069309
3.610000,-0.313132,-0.069001,-0.313132,-0.069001
3.612000,-0.312810,-0.068692,-0.312810,-0.068692
3.614000,-0.312482,-0.068382,-0.312482,-0.068382
3.616000,-0.312149,-0.068072,-0.312149,-0.068072
3.618000,-0.311811,-0.067761,-0.311811,-0.067761
3.620000,-0.311466,-0.067450,-0.311466,-0.067450
3.622000,-0.311117,-0.067138,-0.311117,-0.067138
3.624000,-0.310762,-0.066825,-0.310762,-0.066825
3.626000,-0.310401,-0.066512,-0.310401,-0.066512
3.628000,-0.310035,-0.066198,-0.310035,-0.066198
3.630000,-0.309663,-0.065883,-0.309663,-0.065883
3.632000,-0.309286,-0.065567,-0.309286,-0.065567
3.634000,-0.308904,-0.065251,-0.308904,-0.065251
3.636000,-0.308516,-0.064935,-0.308516,-0.064935
3.638000,-0.308123,-0.064617,-0.308123,-0.064617
3.640000,-0.307724,-0.064299,-0.307724,-0.064299
3.642000,-0.307320,-0.063981,-0.307320,-0.063981
3.644000,-0.306911,-0.063661,-0.306911,-0.063661
3.646000,-0.306496,-0.063341,-0.306496,-0.063341
3.648000,-0.306076,-0.063021,-0.306076,-0.063021
3.650000,-0.305651,-0.062700,-0.305651,-0.062700
3.652000,-0.305220,-0.062378,-0.305220,-0.062378
3.654000,-0.304785,-0.062056,-0.304785,-0.062056
3.656000,-0.304344,-0.061733,-0.304344,-0.061733
3.658000,-0.303897,-0.061409,-0.303897,-0.061409
3.660000,-0.303446,-0.061085,-0.303446,-0.061085
3.662000,-0.302989,-0.060760,-0.302989,-0.060760
3.664000,-0.302528,-0.060435,-0.302528,-0.060435
3.666000,-0.302061,-0.060109,-0.302061,-0.060109
3.668000,-0.301589,-0.059782,-0.301589,-0.059782
3.670000,-0.301111,-0.059455,-0.301111,-0.059455
3.672000,-0.300629,-0.059127,-0.300629,-0.059127
3.674000,-0.300142,-0.058799,-0.300142,-0.058799
3.676000,-0.299649,-0.058470,-0.299649,-0.058470
3.678000,-0.299152,-0.058141,-0.299152,-0.058141
3.680000,-0.298649,-0.057810,-0.298649,-0.057810
3.682000,-0.298142,-0.057480,-0.298142,-0.057480
3.684000,-0.297629,-0.057149,-0.297629,-0.057149
3.686000,-0.297112,-0.056817,-0.297112,-0.056817
3.688000,-0.296589,-0.056484,-0.296589,-0.056484
3.690000,-0.296062,-0.056152,-0.296062,-0.056152
3.692000,-0.295530,-0.055818,-0.295530,-0.055818
3.694000,-0.294993,-0.055484,-0.294993,-0.055484
3.696000,-0.294451,-0.055150,-0.294451,-0.055150
3.698000,-0.293904,-0.054814,-0.293904,-0.054814
3.700000,-0.293353,-0.054479,-0.293353,-0.054479
3.702000,-0.292796,-0.054143,-0.292796,-0.054143
3.704000,-0.292235,-0.053806,-0.292235,-0.053806
3.706000,-0.291669,-0.053469,-0.291669,-0.053469
3.708000,-0.291099,-0.053131,-0.291099,-0.053131
3.710000,-0.290523,-0.052793,-0.290523,-0.052793
3.712000,-0.289943,-0.052454,-0.289943,-0.052454
3.714000,-0.289359,-0.052115,-0.289359,-0.052115
3.716000,-0.288769,-0.051775,-0.288769,-0.051775
3.718000,-0.288175,-0.051434,-0.288175,-0.051434
3.720000,-0.287577,-0.051094,-0.287577,-0.051094
3.722000,-0.286974,-0.050752,-0.286974,-0.050752
3.724000,-0.286366,-0.050410,-0.286366,-0.050410
3.726000,-0.285754,-0.050068,-0.285754,-0.050068
3.728000,-0.285138,-0.049725,-0.285138,-0.049725
3.730000,-0.284517,-0.049382,-0.284517,-0.049382
3.732000,-0.283891,-0.049038,-0.283891,-0.049038
3.734000,-0.283261,-0.048694,-0.283261,-0.048694
3.736000,-0.282627,-0.048349,-0.282627,-0.048349
3.738000,-0.281988,-0.048003,-0.281988,-0.048003
3.740000,-0.281345,-0.047658,-0.281345,-0.047658
3.742000,-0.280698,-0.047312,-0.280698,-0.047312
3.744000,-0.280046,-0.046965,-0.280046,-0.046965
3.746000,-0.279390,-0.046618,-0.279390,-0.046618
3.748000,-0.278730,-0.046270,-0.278730,-0.046270
3.750000,-0.278066,-0.045922,-0.278066,-0.045922
3.752000,-0.277397,-0.045573,-0.277397,-0.045573
3.754000,-0.276725,-0.045225,-0.276725,-0.045225
3.756000,-0.276048,-0.044875,-0.276048,-0.044875
3.758000,-0.275367,-0.044525,-0.275367,-0.044525
3.760000,-0.274682,-0.044175,-0.274682,-0.044175
3.762000,-0.273993,-0.043824,-0.273993,-0.043824
3.764000,-0.273300,-0.043473,-0.273300,-0.043473
3.766000,-0.272603,-0.043121,-0.272603,-0.043121
3.768000,-0.271902,-0.042769,-0.271902,-0.042769
3.770000,-0.271197,-0.042417,-0.271197,-0.042417
3.772000,-0.270488,-0.042064,-0.270488,-0.042064
3.774000,-0.269775,-0.041711,-0.269775,-0.041711
3.776000,-0.269058,-0.041357,-0.269058,-0.041357
3.778000,-0.268338,-0.041003,-0.268338,-0.041003
3.780000,-0.267614,-0.040649,-0.267614,-0.040649
3.782000,-0.266886,-0.040294,-0.266886,-0.040294
3.784000,-0.266154,-0.039938,-0.266154,-0.039938
3.786000,-0.265418,-0.039583,-0.265418,-0.039583
3.788000,-0.264679,-0.039227,-0.264679,-0.039227
3.790000,-0.263936,-0.038870,-0.263936,-0.038870
3.792000,-0.263190,-0.038513,-0.263190,-0.038513
3.794000,-0.262439,-0.038156,-0.262439,-0.038156
3.796000,-0.261686,-0.037798,-0.261686,-0.037798
3.798000,-0.260929,-0.037440,-0.260929,-0.037440
3.800000,-0.260168,-0.037082,-0.260168,-0.037082
3.802000,-0.259404,-0.036723,-0.259404,-0.036723
3.804000,-0.258636,-0.036364,-0.258636,-0.036364
3.806000,-0.257865,-0.036005,-0.257865,-0.036005
3.808000,-0.257090,-0.035645,-0.257090,-0.035645
3.810000,-0.256313,-0.035285,-0.256313,-0.035285
3.812000,-0.255531,-0.034924,-0.255531,-0.034924
3.814000,-0.254747,-0.034563,-0.254747,-0.034563
3.816000,-0.253959,-0.034202,-0.253959,-0.034202
3.818000,-0.253168,-0.033841,-0.253168,-0.033841
3.820000,-0.252374,-0.033479,-0.252374,-0.033479
3.822000,-0.251577,-0.033117,-0.251577,-0.033117
3.824000,-0.250776,-0.032754,-0.250776,-0.032754
3.826000,-0.249973,-0.032391,-0.249973,-0.032391
3.828000,-0.249166,-0.032028,-0.249166,-0.032028
3.830000,-0.248356,-0.031665,-0.248356,-0.031665
3.832000,-0.247543,-0.031301,-0.247543,-0.031301
3.834000,-0.246728,-0.030937,-0.246728,-0.030937
3.836000,-0.245909,-0.030572,-0.245909,-0.030572
3.838000,-0.245088,-0.030208,-0.245088,-0.030208
3.840000,-0.244263,-0.029843,-0.244263,-0.029843
3.842000,-0.243436,-0.029477,-0.243436,-0.029477
3.844000,-0.242606,-0.029112,-0.242606,-0.029112
3.846000,-0.241773,-0.028746,-0.241773,-0.028746
3.848000,-0.240937,-0.028380,-0.240937,-0.028380
3.850000,-0.240099,-0.028013,-0.240099,-0.028013
3.852000,-0.239257,-0.027647,-0.239257,-0.027647
3.854000,-0.238414,-0.027280,-0.238414,-0.027280
3.856000,-0.237567,-0.026912,-0.237567,-0.026912
3.858000,-0.236718,-0.026545,-0.236718,-0.026545
3.860000,-0.235867,-0.026177,-0.235867,-0.026177
3.862000,-0.235013,-0.025809,-0.235013,-0.025809
3.864000,-0.234156,-0.025441,-0.234156,-0.025441
3.866000,-0.233297,-0.025072,-0.233297,-0.025072
3.868000,-0.232436,-0.024704,-0.232436,-0.024704
3.870000,-0.231572,-0.024334,-0.231572,-0.024334
3.872000,-0.230706,-0.023965,-0.230706,-0.023965
3.874000,-0.229838,-0.023596,-0.229838,-0.023596
3.876000,-0.228967,-0.023226,-0.228967,-0.023226
3.878000,-0.228094,-0.022856,-0.228094,-0.022856
3.880000,-0.227219,-0.022486,-0.227219,-0.022486
3.882000,-0.226341,-0.022115,-0.226341,-0.022115
3.884000,-0.225462,-0.021745,-0.225462,-0.021745
3.886000,-0.224580,-0.021374,-0.224580,-0.021374
3.888000,-0.223696,-0.021003,-0.223696,-0.021003
3.890000,-0.222811,-0.020631,-0.222811,-0.020631
3.892000,-0.221923,-0.020260,-0.221923,-0.020260
3.894000,-0.221033,-0.019888,-0.221033,-0.019888
3.896000,-0.220142,-0.019516,-0.220142,-0.019516
3.898000,-0.219248,-0.019144,-0.219248,-0.019144
3.900000,-0.218353,-0.018772,-0.218353,-0.018772
3.902000,-0.217455,-0.018400,-0.217455,-0.018400
3.904000,-0.216556,-0.018027,-0.216556,-0.018027
3.906000,-0.215655,-0.017654,-0.215655,-0.017654
3.908000,-0.214753,-0.017281,-0.214753,-0.017281
3.910000,-0.213849,-0.016908,-0.213849,-0.016908
3.912000,-0.212943,-0.016535,-0.212943,-0.016535
3.914000,-0.212035,-0.016161,-0.212035,-0.016161
3.916000,-0.211126,-0.015788,-0.211126,-0.015788
3.918000,-0.210216,-0.015414,-0.210216,-0.015414
3.920000,-0.209303,-0.015040,-0.209303,-0.015040
3.922000,-0.208390,-0.014666,-0.208390,-0.014666
3.924000,-0.207475,-0.014292,-0.207475,-0.014292
3.926000,-0.206558,-0.013917,-0.206558,-0.013917
3.928000,-0.205641,-0.013543,-0.205641,-0.013543
3.930000,-0.204721,-0.013168,-0.204721,-0.013168
3.932000,-0.203801,-0.012793,-0.203801,-0.012793
3.934000,-0.202879,-0.012418,-0.202879,-0.012418
3.936000,-0.201956,-0.012043,-0.201956,-0.012043
3.938000,-0.201032,-0.011668,-0.201032,-0.011668
3.940000,-0.200107,-0.011293,-0.200107,-0.011293
3.942000,-0.199181,-0.010918,-0.199181,-0.010918
3.944000,-0.198253,-0.010542,-0.198253,-0.010542
3.946000,-0.197325,-0.010167,-0.197325,-0.010167
3.948000,-0.196396,-0.009791,-0.196396,-0.009791
3.950000,-0.195465,-0.009415,-0.195465,-0.009415
3.952000,-0.194534,-0.009039,-0.194534,-0.009039
3.954000,-0.193602,-0.008663,-0.193602,-0.008663
3.956000,-0.192669,-0.008287,-0.192669,-0.008287
3.958000,-0.191735,-0.007911,-0.191735,-0.007911
3.960000,-0.190800,-0.007535,-0.190800,-0.007535
3.962000,-0.189865,-0.007159,-0.189865,-0.007159
3.964000,-0.188928,-0.006782,-0.188928,-0.006782
3.966000,-0.187992,-0.006406,-0.187992,-0.006406
3.968000,-0.187054,-0.006029,-0.187054,-0.006029
3.970000,-0.186116,-0.005653,-0.186116,-0.005653
3.972000,-0.185178,-0.005276,-0.185178,-0.005276
3.974000,-0.184239,-0.004900,-0.184239,-0.004900
3.976000,-0.183299,-0.004523,-0.183299,-0.004523
3.978000,-0.182359,-0.004146,-0.182359,-0.004146
3.980000,-0.181419,-0.003769,-0.181419,-0.003769
3.982000,-0.180478,-0.003392,-0.180478,-0.003392
3.984000,-0.179537,-0.003016,-0.179537,-0.003016
3.986000,-0.178595,-0.002639,-0.178595,-0.002639
3.988000,-0.177654,-0.002262,-0.177654,-0.002262
3.990000,-0.176712,-0.001885,-0.176712,-0.001885
3.992000,-0.175770,-0.001508,-0.175770,-0.001508
3.994000,-0.174827,-0.001131,-0.174827,-0.001131
3.996000,-0.173885,-0.000754,-0.173885,-0.000754
3.998000,-0.172942,-0.000377,-0.172942,-0.000377
4.000000,-0.172000,-0.000000,-0.172000,-0.000000
